Medicine_Id,Counterfeit_Sales
RRA15,2843.712330499614
YVV26,3285.1855094359676
LJC15,1711.8245883132433
GWC40,431.03472315833255
QMN13,406.3925240282032
JDG81,528.5058846514103
KPX48,4297.161563437519
CYW14,3245.3010659698075
TVF57,5292.78759694664
MGU75,1787.0418427988538
SAC31,2906.3158408705326
TTM88,3360.5888668358566
RUT58,2741.136551540568
ZSC82,2686.159564841166
ZFZ28,5699.535822930762
KZP71,2632.829721860035
OMS12,2698.442338948556
RWD64,2621.70160476976
TIE50,3184.894284703143
CCH12,1413.6160708097254
KAE47,1904.0282954052461
WXP11,1846.7550189542528
MXD18,1398.0667454620623
HPK57,3194.5745631593018
DMF12,2293.806150792057
DVT10,3092.241789951918
DOS34,1617.6422578518054
ZDE75,1528.2147761931055
KSE64,2827.730466811288
LRF62,2535.9172390612152
WAF13,1586.4379261971599
BMX49,2280.9393988026104
ZAM11,2911.003027349079
PEQ68,1414.4605822925257
LRF62,2937.510424041871
OLD10,2428.2506127393845
NNX49,1450.099510168091
INK89,2277.4362214096955
QIN25,2803.5996308856456
JVG23,2877.1762481114797
EOX12,3325.674359066588
CGK11,2805.1164569614757
MJG11,2513.6286921291253
LFG35,3034.309100635473
NNX49,562.0893428366746
CQZ29,2217.5847603266807
QGB28,1929.8457935323906
GYZ10,2880.2746898047662
LOS50,2934.381206209688
BEY15,346.85553506289455
CSI11,3227.3205018104827
TAA14,3095.1571238239435
JVE40,3048.2920741672115
HVG39,2846.795473522968
DGX15,3002.891121219862
KOF27,1470.3530210200768
TBI27,379.3978102956243
EBS47,3427.0559483006377
ZJG11,3554.8876146115363
BOM11,3205.3378961770645
MXD18,3800.1920090747826
RJK10,1733.7306310531453
EEG76,1500.8509704722069
DDK20,1659.9383869682067
TMZ19,4468.779646354176
XDV33,2942.7929389872756
VWN65,1410.0449152106726
UNW11,491.18413401657995
RVF12,3262.0332412582798
NXT21,1653.5519739995432
IBE74,3405.566806598674
NDK33,464.1889087229145
YPR10,2938.5302213328578
YDI38,1355.6065231569694
BUX15,1487.9870177118648
HVG39,1903.4304031565678
HWM68,2494.2519137238965
GSG12,1719.8585797756875
NXX10,2798.0689796523393
QYN11,3029.1284099000954
HCT14,1952.9813020521592
AFO34,2819.887135316281
IAR88,2803.8439888227385
WKZ12,1900.4511535817405
DZM40,1594.6652904989478
CZV11,4878.481964190508
EQV54,3398.605863776783
DAZ24,1470.0163608943653
HHZ13,1311.9619593749012
JCW15,1798.980888979424
GSN53,2176.759841298898
CUP12,1945.1368892293797
LSZ55,3555.7321346507665
BCT83,3810.6624163039237
FCG79,2952.406701235269
AUO69,359.834237383644
KXU14,3269.6855772933936
DIR24,1993.2813798317625
PRU76,2271.436032028966
WVE39,3431.060273163095
VYB31,1904.4856185259694
PUB13,1920.0380729123347
OFD11,1494.7241175073611
KXG14,2491.953512563525
MIP41,1663.2435331025
RAH15,2765.5593309637206
DHT27,3052.0343316315866
QUY11,1577.790538970484
RLY93,1580.8163278250422
MJX11,1827.094641848651
VSL11,2734.421413029024
UML60,400.0457643794822
RVU10,3574.423988155346
ZJZ12,3541.388454272278
NFO12,1457.2881568159855
IBE74,1573.914212550332
PJX11,2486.455950464276
XBN75,2933.047715530047
AUO69,3302.7054975908395
QTC50,3512.6715742153065
VKK10,3415.211630337874
AKD11,3291.0565465702616
FUN14,3594.0700612291575
EHE57,1368.4452950970947
NQW13,2558.1426036685275
BEB14,5334.714992988105
QXD11,2303.7743835593465
GZY97,1792.2010605459132
ZVR52,348.77307419604045
DMF12,1980.0432121770561
LWD10,1702.7340241838726
OGZ71,521.4255194623908
DRE77,1752.0501895942577
VYB31,498.1128234589439
AHC49,3145.666978480257
MSX11,2679.913248623357
VQT88,1920.1579535810886
GPG94,1906.5962594977473
SFC11,2416.740187329204
EBO11,3704.261088857666
TKA46,2822.798001557855
PAN11,3063.1762288052087
VBF19,3240.111843465362
IDG12,2008.0065149149918
HMA13,2735.5580875949045
DRH86,1931.7717254885822
MBQ12,2973.9071014496462
BNA31,2827.9820320505078
DPL20,1464.2844679135178
THP41,5211.352691928873
HNR10,2127.2458251596718
CYY10,2743.514903988446
DKY10,3411.696862372738
AHZ10,1435.1615806998004
XPC22,1736.9076407065495
BTT13,3247.059339051756
GRM60,2139.807329478007
NQG12,1874.9725988298774
YEC92,546.5005032604244
KKJ43,3344.6325225062646
BGA86,1926.863513588694
QAK10,3527.6245983909002
VHM53,1985.2788436801409
RPO17,3786.044426922873
HMI11,3210.2588309917896
OVZ29,1384.1069821656374
ZQS14,1397.1585137380293
TVF57,1717.4572013557904
GRY10,2524.1796052093323
XUF12,499.1892136511194
DWO74,2995.558980654878
LXR14,1861.0915117773284
VSR86,1390.6599727376731
PAN12,3139.7147857099426
CBI10,2872.5980599954737
SKK32,3285.085965596413
ZRF15,1636.5141212774845
EKB79,1823.9690536030187
VQW12,2029.0113319704374
LIM31,481.8659376385174
RWW49,1515.6234375994734
UKE70,371.16114471221124
AHC53,504.5398872787544
DUJ62,2638.761845112282
WOT11,1549.652074160232
RDQ13,1519.1510441232815
ENI41,2408.835115679921
WBN96,1951.6553609364519
DMY13,1695.730194859137
RMM57,1875.0482792594764
AGR82,3664.7950136539107
BNO11,1440.2630069914596
WXP11,481.84570971686065
PNU88,3262.3244471927374
UNO45,4829.467696336964
JYY11,1421.3097807914573
RQL15,1575.3991587993407
UYJ15,3006.1440478154054
RDQ13,3072.41919238691
CBB32,2550.2619853948004
XSM88,2930.1512903316893
DRH86,2681.53339351248
HTY10,3836.173863199263
NRV87,1569.2581408191813
TKZ13,1521.4182615280358
AJM90,441.6801678519864
LWD10,1910.6842265961764
MII51,4548.439036847924
IEB77,3202.368375508302
HER33,3862.1129638500797
UXD76,400.890845430007
XPX11,2682.354922403794
UJO95,1543.0651437036768
GUM11,1743.0804442929916
NJD55,1881.7521736728504
BOM11,3584.233174346691
SGZ11,2974.8201011184365
FLH42,4395.611976263483
LHQ13,3312.402734201926
RIM99,2708.3342010827123
PIV47,363.56539938506995
MRG11,1950.374429085773
IJC44,1634.9165292411376
PGC13,473.8782272405276
ZQS14,1879.604790331811
QNR20,2164.428624661576
EBS47,3511.120485835794
FUU40,1996.0190603843582
JUQ38,1651.6415022599158
TWM83,1649.076480672085
OHZ77,2641.9007683679006
VQW12,4911.9855227653425
CEI26,3323.993851909162
CUY60,3444.2438528588114
JDM32,2618.3471051337515
WOX94,2703.85054246989
AEL80,5120.836077931157
WCQ91,1338.1297199703401
DJA22,2807.7619660832042
CKE54,4528.5021138871
RVF12,1649.2316001298477
ZLP33,1716.8834322314299
VOR91,3129.02281286318
SFC11,2844.4689092762046
TRZ29,1534.8069206149185
GPT28,2379.7969653870778
QPF16,1536.0696518724142
JUP10,2478.2996188285133
GNX16,3321.628260366116
QQR55,1813.340878474316
IHP15,3312.753231614838
JES11,2986.5624666682934
VHM53,601.0241165038487
WOT11,3019.6390692208197
XRN69,1798.5582148865265
ZQK44,3694.711350362371
CYJ45,3498.255302167892
OCC17,3151.212191311928
OGH10,3547.1207767277565
BAG13,2600.5940343718316
VGE44,1769.121994007332
ROJ11,2779.453286944679
UFE10,481.02422583623064
JFX10,1561.2733516432834
LSK61,3210.703932769351
EBO11,2851.5018262886238
DZM40,3721.643410172664
VMA61,1777.1087682604173
VFT71,4667.2933959438515
PAO84,2786.942893541517
VWN65,3404.7761172504916
WEP87,1573.1760988033668
MEF73,1642.544464304353
AAJ32,1280.3901956258924
XVT88,3069.8236596723305
MGD92,479.18625760523867
WAQ97,2700.0856605123136
DZI47,2205.4547793079823
AFS55,2774.071127114651
WAQ97,3079.434823137681
VPA11,4766.501812648111
MDI34,414.37399708223575
JUP10,1434.9178066941572
PKY91,3347.3044992093496
ZTE88,1587.7821861405482
CLK14,2895.4376162657245
SAC31,3339.3941849703388
KFT87,2492.1001450508998
PAN11,2008.1907606333004
WGW41,3374.02768843095
PZS93,541.1743960195458
JJF18,1335.5214586094964
CGQ37,3222.1493586412507
XIS12,394.2482142415021
RKU85,2564.1978944606035
LAP14,398.0043141028067
FZC14,1693.625551552151
GDN13,1621.5016793352117
GMM11,561.9905637417727
PTZ82,1680.0756671872632
CHQ39,2001.03997411376
KED13,4000.961889466712
RCF13,1491.1625533336512
UKE70,1691.2718529550652
VFV14,2265.4371976126336
OJS40,2927.522972352934
HMA13,2504.1058658785128
HAY13,3455.248420125788
MGD92,1232.4652995652093
UMC12,2752.926934246339
GLJ63,1993.7398284228477
JWE14,2781.574738973303
TWM83,5060.582002701106
OZE92,3444.610118346514
MGU75,1751.9073106280086
KQY98,381.1925807423368
BAE68,1598.7390146383761
ECE94,1694.3476844549687
RKU85,2918.4121030085107
WEE24,2983.2464460321366
NJD55,2650.0250797947224
GCD72,3227.129713923504
DAZ24,2070.64179915219
FQP55,1964.380396014133
MGD92,1770.4488546026791
FDG14,2921.8905086071504
USQ94,3346.9473185800016
BMM62,1985.3776025813545
OOY30,3475.7861015790522
PQM14,2742.2497591935166
ZRM95,3854.3692370534613
FDZ11,2841.5194438239437
KRS13,2529.0536098113907
YMG27,3332.0291648696134
STQ49,2396.7091723765934
ZJZ12,1710.1574738987931
SCK30,2625.610658456156
RCA58,1946.8846148752386
RZP72,376.13717545817417
FQX92,1446.4939488964715
DIX98,4258.849527079359
KJO51,3267.5943966696027
BDC33,1948.748028792726
BCT83,3450.833391965789
YYX14,2950.67480238958
IYX45,3487.049882775189
JIV77,1846.151142276516
MXD18,1768.6136607558933
MLD88,1475.5225313560193
GAA13,2693.8486070276676
EVE11,1849.8081500425694
SDZ43,520.565732671614
CYP90,2820.853063464994
FPV84,416.95008542018064
OOB26,4581.519666307919
DWE31,2872.816275748961
VZK61,3057.9317235741105
WWF98,1526.556017504081
LKT15,3176.231929849197
PPX12,2982.4497705776844
KAE47,2437.7416067508575
NDK33,3399.791402928695
TEP90,529.2301737368919
MII51,1918.7027426414704
OJT30,3004.058674675913
MII51,2552.2149160384015
TIG24,389.5258354569313
VXI12,1499.071646673204
VOR91,3409.6518553008896
OEQ12,601.5094955714372
USU11,2803.404387208378
EWF71,1676.3818164219117
BUQ68,1857.7384439649895
ERM22,1773.2559112817498
ARR74,4749.571322199835
BJE52,2825.0969519753125
EKB23,4998.412617856409
YPR10,383.0824368268423
LFR40,1745.9539725072557
NZS82,1686.4526302393333
ZCZ64,2490.858331823087
FOD85,1354.3983063569858
QUO93,593.2335533871512
OIX75,2695.9293214485665
CXZ12,2143.014606192074
MBW35,1956.8281422537627
HMI11,2705.5974331854645
GCD72,3753.4457236152434
KFD15,1604.7711185390433
OPV12,3313.476025387769
AGR82,1363.691691468361
RCA58,4768.743880501315
LYV84,4962.409679182976
CUY60,378.80070382434036
KIE51,1623.2703089947909
XPL78,4545.805905280005
KSE64,501.9151261445128
MZW14,1433.4442558571966
PRU10,1692.9046559398455
PZL14,2027.7746386290535
FMJ26,2979.869414842463
NQG12,1510.2499418569669
MZW14,2124.8001633160648
ALV12,1642.8169055455846
SSW11,639.5189159115758
NCG56,3180.1905315127647
PAO84,2398.4378147845023
LOS50,366.6106866389125
IXV34,1818.1878133738428
RMY66,1549.2021532280812
PJM18,1509.2460338111698
DCB19,3102.2512158498885
DBL51,2528.2233175571077
TUT39,1422.220629672821
YRD11,3579.0225705612816
PVE70,3181.7855266360675
TBJ15,1597.8433166783734
COQ16,2476.7861928300954
EZH74,1512.7975592711948
IXI10,580.5012722113099
RVX39,3807.070043757356
FHS14,1303.9924637431782
KEB73,3014.578681184901
JES11,3737.6838103932255
KYZ66,427.7492476856568
PAO84,1530.7475052746884
GQT13,2925.0532298017074
JTL20,2809.5345281746186
FEG97,2095.5562489136673
VQH10,1613.9555602270984
COH93,2905.6576708201064
CNP10,2620.9848183646873
OVZ29,379.44927146578544
JDM32,2770.612827757602
GMI62,540.1780793040502
VTP18,2967.002439573234
XNT10,1586.3310818872853
DMG17,5128.217815915265
HAW38,1878.9258913460806
NTP61,1376.352598008892
UXH58,3410.8986566876715
DAM28,535.627982758534
JSD91,1575.6506617055272
UNI81,3194.086520562104
MLD88,576.7495458884317
ZUC11,1735.4779349819719
DOY13,390.3053494210612
TBT30,4941.46915424383
AGR82,2824.2312315306185
HSB92,2439.9032619767418
EGU28,3082.243175813935
ENH17,3005.081855010977
DUQ11,1534.5336330975208
CTT10,3043.4172854356375
VZK61,568.6992451188112
DDK20,326.16454993301375
FVD11,3685.0083085299516
YXI41,2910.0194385178643
GMC11,3114.848443317105
JDM32,3047.926667794839
WUC76,1737.5170331196307
OQH15,1646.019393464494
XRI86,1626.6421873712213
ORX66,3905.6392450486815
FES30,2509.0290079429346
IGC14,1378.055120369099
GMM11,476.5732512406555
WKN59,2925.3284172882904
MGI72,2955.142008101897
NMA12,3614.1697255571344
TVN24,3112.5607163697855
FQX92,492.87687002665587
OLE14,3097.7487102380064
IXV42,580.3748991247351
XRN69,1511.8785925950274
NMJ18,2449.222717786383
YOJ46,2685.5863426933083
IXV34,1949.5894312700682
ATT10,3367.523586842745
THU10,3361.5178145645896
UYH58,2654.5665073348623
STT10,2301.1087702634013
IXN93,1833.7004463961262
CAN15,3284.049216126343
TIG24,2405.0081596432633
GRF12,4913.6123379461915
VMN22,2167.304566751009
KPK10,3319.0166689197736
NZS82,3249.855868157856
YBM44,1866.6092332667881
VYB31,2858.5461680945773
QKY68,2943.426911310983
IXV34,1803.0040985083956
BRW14,1582.4132565185232
SCK30,3599.721620116633
UOI59,1911.4116814081385
VLR87,502.9347332980698
BGH11,2690.0437147518132
SFQ49,371.8402299216672
ORS21,2951.442880828823
JKD14,1379.9629470327707
QUO93,2796.1832003874792
ZEE32,2917.6153844325977
AIR10,3607.986621821627
FIV38,3602.7762113092626
IZA10,417.16952832789934
FIA79,1496.9804550318743
POR18,2886.146900449801
WOX94,4934.823008236028
YEY91,1447.332111598591
WFU12,2749.5710260672454
IEB77,534.6089592984441
UJO95,4688.410566117535
JHT69,2060.2760521559744
GEL15,3734.2215234542437
UYH58,1456.5032708955634
QXX90,375.63841504579455
XEI37,2838.7084693765873
NXT21,1940.8418913620358
RHG44,1410.790964933823
NDL93,4484.9585439417215
RLY93,3229.6978943721715
OFD11,3340.3599805696326
WGW41,358.88148687254875
SWF56,3115.8958731888874
PZS93,3191.7607558104337
AEN20,2569.7578209752946
VDZ97,5237.865551027967
ELK66,2069.3737452155324
UYA36,1779.1188809760881
ZKO55,2475.2410244008006
ZMR15,2873.0560398160237
UYP13,547.3930038159227
CGG23,1468.7754814230968
LFG35,2626.86316687678
FQP55,2025.3626435671304
HZC96,4537.531232792903
TBT30,3100.332455874448
HQQ45,2920.317399176024
ZSC82,1684.7739094092922
DZM40,334.83507287763945
KBE13,2891.0683751381976
PEQ68,2453.5219614813977
QIN25,3514.8018712073635
JHP96,2002.7120339520823
XEY34,377.55272533936085
YAA14,2876.478403361915
FLH42,1453.6258350027776
IAP53,376.740745613644
STT10,3619.1005118669545
NXX10,2843.6489112030877
IBB12,2223.6605625503553
FWA65,2909.259341536
XIS12,2761.962031173755
GGP12,2755.80145370581
CNO62,407.98024005586706
IOW64,2565.7621521120577
NDK33,3111.8085030091424
VKW64,3646.0899142513294
EKB79,562.8657216203944
BBY13,2602.5509480691544
XEX60,1496.5060935081408
SBW86,366.9652308455614
YTL30,1703.063963672319
GHD63,379.2333104523681
CGG23,404.84509632523753
RTV34,3043.993834462284
YPS49,1932.5077222897805
JWP65,1889.7317866869353
PRC68,1837.4315512553474
AUU56,2137.6504025628938
VBX12,1833.914910592015
GMI62,1855.9001723733268
UMX23,563.386721220627
TRZ10,3295.915104818772
VZP56,3545.4516014185174
QSD18,2872.9439005001304
LGE15,4622.821666134568
DPL20,332.07209792722125
WSV13,1587.9551219221362
OVU58,2077.640489576472
MPG14,2720.799217344931
SRS13,1531.0654901891785
PAL64,2635.0351469878597
WLW19,2681.061412378721
ZGW12,2711.8141783124684
GSN53,420.9576740420096
DMY13,1488.8038513223794
CUP12,1821.4008919319729
PHE51,1568.3371554167409
PAN11,1422.445864485917
QRB67,2905.726011910047
QSY87,595.9932309344078
SZL68,1443.1306626928108
XPX11,2866.439092261818
LZQ97,2629.536120200919
WWF98,1915.872812190111
SDZ43,1740.8772550179294
QYH11,3601.5982462436573
GWC40,3294.1154591148
BAG13,3524.5613020690494
JLR10,1565.3714446304907
YRD11,1859.2178164660083
CGH10,3408.364226222513
DZQ18,1766.201462188694
ZEP43,3291.856764474598
MRS69,3650.6773609979577
YEY91,1882.1800095483077
BFC68,4621.90506597217
WKZ12,3538.582257180076
QQK28,1912.4559226903546
FMT10,3517.352741901071
HVW15,1474.5660013207714
RSY89,2957.703051065411
KYZ66,585.8637507780586
VQT88,368.90420466319665
TKZ13,3567.1918728054466
UML60,1685.6757243433947
XHP42,2190.899875122952
KFT87,1692.696656048862
OFD56,1710.0724758677666
QSY87,2855.998343275467
TNC52,370.1685129059596
JUP10,3223.8740298593075
TQD35,505.8295273473579
QQZ11,368.68006615648414
HRW59,2873.7615997201183
OKF75,1675.897910226551
GLQ11,3037.049467468721
EBV12,2071.738146552697
FWA65,2796.029605584119
DRE77,2591.390787853121
ZEO73,2923.0083070103374
MDT12,1890.4794528155649
OYC25,1929.0333065604002
RMO57,1585.364065705167
IWK67,3571.7016800618994
HQX39,525.7453646616087
MJX11,2719.8722395994077
VPX10,3362.5961178163057
OHX11,2690.0680066311825
HHY36,1440.778474511122
YPI13,1877.4819428852343
LNA17,3546.9850579963077
EHE57,379.19813767802464
XHQ90,3209.92741521099
EXH11,1325.1603542736673
KXU14,3578.1275801625575
OOL46,2044.465680783342
KKK25,1781.2900284741356
DVR14,3059.04309491736
GKI48,4783.932298931692
OPP86,1671.0058701496737
FCF11,3055.2778289717476
YGZ30,3328.357001569544
KTI10,3375.4739472828223
EOK39,2899.4996860259316
TAA14,3278.4471127426423
RYG11,1529.728936946816
CDK74,2017.6877392425317
NXQ22,486.905757776758
VSL11,3180.9068166456154
TZV99,2829.2891738961475
AIR10,2164.4688282978223
UFE10,2450.095223540287
MIH17,2504.82428989005
WST73,2719.1101608721574
DOY13,1578.9753299863028
SRC13,3091.534152524841
KQB34,558.8487385818344
EUI92,1952.1749799068753
YVV26,1587.0224815517975
RMY66,3146.464325600291
VYB12,1363.9876284136421
EVT14,2824.620749574618
IKW10,3080.5603711335043
VXA87,1528.4896774908584
HST20,1804.4128948240061
PNR62,343.58574304628996
KVN10,567.5933314908411
OJV12,3093.506078300941
IDG55,359.165236303841
VPJ12,2679.3735934945203
LHC12,1540.568896669141
BKL99,1440.0775113736133
FOK66,1917.0515231915679
GKK14,3384.311578967892
RGM13,1345.6851516436507
BSV80,1364.4579853711566
PVW15,4096.529818105927
ZUZ10,4494.24770727196
BKA11,2163.8355015150305
AIR10,3520.8772311808775
NGK10,1643.7124918112024
IPC15,2876.5973231703497
BBL13,3344.774117723934
TXM50,3037.5990789098646
IAS38,409.68270276666476
VPO73,1782.0961608651946
WFU12,1584.3407069560851
JLR10,1345.1887832055536
DHT27,2184.945035406241
RVU10,1955.7047452055187
NSZ37,3051.705691016271
SST14,1936.8224004110023
LLH65,5245.394661710968
BAE68,2032.099419058886
PVW15,1530.202351084497
EGJ70,2756.2666576812353
MBW35,2897.1254900466865
TMB68,1534.3939151433626
ANV76,532.4736825160525
SRC13,2591.28170190063
WVJ47,1545.032444382595
IRM25,2975.762027946818
AAS12,2673.8116901594067
VUG26,1867.4199523974419
XAL40,1427.4239006567907
FWA65,2515.4559371088876
UIA89,1586.5812780319934
WAT20,506.2570865746338
AAS12,1431.3212317242453
ULT11,3170.0371823860214
VBF19,5563.079118365011
PPX12,3460.564620112725
LDO15,1893.5882003097445
YYJ78,1969.048884947619
JTU15,402.6785032604677
NQY36,3570.787224362866
GAC11,2687.453525715181
LNK13,2510.180092641749
XDV33,3371.6111989465344
JKR96,4491.560013055651
OBJ55,3541.601513453996
RVX39,1700.7757672088858
ZGG52,1925.3611056959196
GWI12,3656.5052634460158
OMS12,3501.41878195552
IAP53,637.4283034483587
FOD85,3052.3937291903903
GQT13,1450.7573470501022
TUA11,1457.864857629214
QPF16,2264.528801846589
SFQ49,1806.1834224219922
PJG77,3114.274171789807
IWE13,2717.06344978556
NDL93,5286.111702864706
JJZ12,411.8776138771029
XBX30,1731.0961969580292
EBS47,3099.5795900239386
PQM14,2035.0935091638216
IKQ41,2917.752014491684
TQD35,2836.667538095263
ZIV91,2886.89069455878
JUQ38,1377.940288172689
RDQ13,3222.2403582946627
TIG61,3354.353748585784
CNN14,2980.3248821837346
WKN59,1513.2139079925948
PQM14,1775.4560508028692
ORN12,2448.055730980631
EOA13,1563.3240639514427
XJG99,1508.5282601845884
PUB13,1844.0726568535904
XKD99,1909.4947258336254
SIY12,4321.718776284368
FTE97,1995.2631582184747
NJZ80,2882.6193698624807
UYQ40,3092.446281683559
CIU10,3380.6760599876793
JQW88,1837.6194558175841
JGK92,552.7833838688182
PGR13,2311.8560941391797
ZRC14,1981.556137075358
XQU10,1559.2835460020922
QZX14,2324.768664659623
THU10,2773.282600000021
VST13,2939.167684754041
IDG55,3307.7528458085867
NJQ14,1576.6779587140234
YQL23,2872.4668360751566
UFA10,1795.579797791182
YYN48,3315.045183571767
GEL15,1847.6010775080351
JTL20,2028.5429112500715
XTA25,5074.934878772381
PRU14,2717.104669900153
UMG13,2040.6551053123871
DMB13,2097.848861683521
HTY10,2645.363864049181
EFJ10,3633.399981855193
VSL11,1337.3853516026666
UCB79,1491.4459457314683
RSY89,3489.626685817457
EOX12,1360.8263040644463
JJQ10,1708.736749742735
UET42,3012.023576166365
BYA70,3163.222734681005
SBW86,3361.8037113161595
QTR25,1815.1370123410534
GAA13,1356.0428494405965
HST20,4048.6573059521143
HPK57,2447.2443543950153
JZK98,3073.6717156616196
XRZ81,561.0245650020481
PRU10,1910.2489460367758
DWG12,5281.490942043119
IBY35,3244.0647888714675
HTQ14,3236.535227798558
KXU14,1861.7321094603415
VSL11,607.5890385419274
GEL15,2914.0039101060497
HMI11,1589.0514620237861
TQW51,2850.510707212353
CBI10,1878.0583770103271
QUO93,1915.2344789621648
KIT10,1562.1661463053754
RZP72,3038.065151841665
OZE92,1763.1419112358763
DYS92,1776.7301905522636
KXG14,2570.8700114997737
APX13,1706.2820904758066
WEA21,1699.0805831199916
UFE10,2511.014950193753
LWD10,1785.1380552432965
RAH15,1786.1594231213542
UNO45,1869.8550379762478
NXX10,581.7435792073087
BFA10,2388.085049025007
YOJ46,1725.4626322112972
ELY14,2581.62149185037
ADO13,2654.662085864815
KRS13,2831.7060206444
VVP12,3130.9968241809447
JUP10,1385.9241746899272
NCG56,3302.4752809886895
YMG27,395.8214745075768
KGF12,1651.525725241694
QCS35,3384.6774328414617
KYJ80,1564.4879927317631
IZD85,3241.170706739056
SIQ14,1669.715105641704
TGT13,2837.078789103916
HPD36,3034.928426654024
EBV15,2791.9945295179014
ZJZ12,370.60494133309277
TBT30,555.3520356293758
DZQ18,3078.6507321825975
KJA29,2834.7336513314285
SIQ14,2673.5309749164653
RVX39,3389.3464767985074
NGC14,3873.1924129162567
HOA15,2638.045264909908
CTO12,2542.803133917448
HHJ28,1480.860977468565
JSI16,1498.0056646990604
RME82,2169.289255858511
FWW89,2901.6631639408924
CHF67,1560.4895749004477
AUG42,3880.7857740807854
PMC25,361.1999412961397
JJF18,2033.525728753932
DEE35,1558.66112690832
UMX23,1632.8149767957716
CNC77,2009.5811634600627
RHG44,2490.4254255193937
CQZ29,3034.6826605233346
LDO15,2014.5313894564665
WJW10,2709.426510378645
AFT64,1699.2092839868308
IND15,2196.4528980321115
SKK32,1654.1804842455388
TAS13,3280.704248905512
AAS12,1278.1765376406024
EVE11,3212.5662920871428
EXZ14,3373.6332861696724
QYH11,1727.877631553999
YHP10,2853.677310843033
QVX70,1601.1760674925679
KLQ71,531.943089370238
HQQ45,1638.4234481667218
DLV10,2798.410343832913
TAA14,442.3502230827251
OXK54,1328.9575368570056
HNR10,1759.681399196901
RGL63,3686.5630684524476
PPX45,3175.996172367364
DGB94,1854.118610044395
NBV27,3133.9211232196617
QJZ43,1540.612598797864
PNK10,2551.41663701044
YPS49,1504.062100639868
BUX15,5118.063676122947
HQU11,1264.2850810184075
QLK14,520.6182941361193
JDG81,2666.3334266512193
NQE11,3096.8190854434056
EPQ18,3228.5541384435014
AKE16,2636.2695955582794
GNK67,2159.433419816291
BFA10,1891.4447702630807
ZXO53,3500.2388414323623
GNK67,1617.106261540785
MTV83,3694.020226617718
DIR24,373.5154762266486
FMO17,1571.7409973755869
DWO74,2579.386434551005
UFQ12,1803.2032130536713
LEF96,1856.891295415994
TKZ13,1678.393623654366
VFT71,2908.4480510252115
UBN10,1559.124082270776
LKL13,2878.6357372612106
VBF19,399.88249218049316
VZP56,3034.0066158351924
MJG11,2005.7120263932406
KPK10,2968.3878768180393
HRH29,1462.3018976943404
OIU85,1329.4259731307288
AKE16,3234.8738138036097
IND15,2034.2075765215611
KAE47,2830.1657648963305
PZS93,1308.9360516500687
DDK20,3189.9696820382032
HPW53,2602.1401868971607
ZUE85,1502.0871802782663
UCB79,3093.543279144998
IDG12,3212.7544586737913
EVN95,5208.10472285943
FIC56,4661.779314463569
XWX80,1756.6284484439766
OSG85,3637.7001329998793
GNX16,584.4309987526407
KAE47,2990.6053456555896
NUW49,3121.9902219219452
QKO94,2397.8424443903305
RMM57,1468.8471060260233
HYS22,1998.414741197988
WHI13,1527.857317232114
TMB68,512.9127028146193
QLK14,2114.622154666566
NMP43,1827.0793312522844
WII66,1615.8189038743988
MSX11,3421.769565138401
AJA15,1968.4898323234966
NJQ14,2542.688527531522
FOD85,4813.548878525987
XVU27,2510.589195527978
SCK30,498.43940183331694
VVP12,2775.0167258688657
HIM13,1599.8843277273586
CTO12,3242.5001718310355
AHC53,1860.6211092337073
MDT12,4153.105164901192
PDQ67,2403.229333092324
HQH91,2980.553640229607
RZP72,2028.6350098936991
ZXN29,3214.8733983222405
NBV27,1360.7191421509704
KTH72,1771.9909350490177
NTB26,2081.6049026297806
EXH11,1478.228855357581
RNM14,1620.9478106713013
PQM96,2913.752698470974
SES94,3246.5404742770543
DFT93,3004.487089733115
TBI27,5003.006504611501
JYY11,3387.4330999690505
IKQ41,1534.0831963118783
KQH57,3419.5196922094583
GMC11,2736.1798701358384
TMB68,1794.0240071431347
AXH89,1887.2878417982945
ZLI11,1960.5985617604447
NAZ53,581.6232013981826
VQW12,423.3302228110277
NAQ53,1976.5973305880084
INK89,538.9431553047817
TXX50,1601.445035650657
RFA13,1930.316513847681
FIH39,3452.2068725153554
HTG15,3018.8654255468045
WDC12,3273.050812377638
JZL95,2698.8090522153025
QVX70,2251.9967714708987
QYH11,1452.5171455135674
KTI10,4792.140199543867
UYA36,1463.4905758133639
NGH10,1358.6360833362123
VKP89,382.1075692390119
MNO10,2207.1331701460085
DSP10,1270.5535827264032
PUB13,369.2988798864273
CYY10,4295.395433482987
RRA15,3034.8013876281575
XNW82,1890.9787273757436
LLH65,545.4771572156274
IZT30,1384.6698063617223
JYM14,393.29779642575375
FKW44,1215.8003693050878
UMG13,3721.0883355219635
HMI11,1611.157685025588
KVN10,1623.5573343567637
QLK14,1972.0805079304253
PPX12,1313.1175199494098
EZE26,2004.2823297528826
RAQ30,2493.4720673533925
EQV54,1966.8906252620925
EJZ14,1912.168381517042
DRY11,3494.715622038572
HER33,1329.4866625899047
BWJ76,3144.0204510632193
KZP71,3486.464045302106
QUR48,3195.7273399050528
MDI34,1828.051349864913
VZP56,2041.8731649544281
GSG12,1587.2200848871416
DRE77,369.43938686803415
XZQ17,3308.6644463554485
NBV27,3050.059911492062
HTQ14,1652.956415397929
TBK97,1507.071343148801
EBV12,2922.0080391533656
GHD63,3203.0362979770157
LIC37,5045.361604781116
TKG19,555.4432928949328
FPV84,1614.0091489531376
DLH42,1808.4771687033042
QSD18,2655.990395609279
ORN12,3436.8246252102144
HWM68,2067.2172445911838
YKM69,2003.606640996326
ELY14,3268.480914893992
ZYP12,347.78765923297914
RZV10,2072.709449798893
QXD11,4123.179330692504
IDG12,1749.1755485841882
CEI27,555.7646059892355
PGR13,3268.8716236837513
VDZ97,421.56576954835043
WEA21,1795.7724293367341
ZPF14,1560.1076096701959
KZP71,3062.298044034064
EGY46,2987.2768366669625
TBP63,2831.619304748175
MTV83,1762.2467909710329
JKR96,4537.705303861168
RQL15,608.6852951596061
IAN13,537.7378929361986
TOK11,1366.1091071095213
PIN15,1754.7519402250205
FDK15,1486.3726730778453
UBN10,549.463408902578
TXM50,1977.7991315719448
QKH44,2060.199773258631
LSU81,1369.0165762555864
CEI26,1491.5559231708141
VMA61,2735.570015361642
MWN81,4212.839108130787
CXZ12,4662.058645867887
LTE14,2774.842194164315
RCK21,3627.8616945520557
JRP10,2742.155094998916
BON13,1600.5365286148458
CHF67,533.4434753369874
IOG99,1735.1180046327147
EVB28,423.34744986322715
GPT28,1773.6596270190153
MVI14,584.7692695045312
DXJ52,1567.3148826458344
GDV12,551.2805694056465
YSQ17,1568.7264596573907
BGA86,1881.816029527158
JVE40,2856.66301410123
RMO57,1414.6489975743368
EPQ18,1941.2959279513066
IEA75,588.2144881184362
RME82,2573.6258383244976
ESB61,3376.2961094965262
YAO11,2726.551228010003
HOK90,2704.5906979487518
RCF13,2056.4957348487765
BNA70,2898.4916648408794
BNO11,1430.733065918203
ORS21,3448.313526730254
BKL99,3002.3077650549253
RZH55,2983.6208779655512
ILY10,572.1274519977342
PXM14,5003.8161438414945
DBA13,2930.4500036389813
WZF50,3321.7424378401925
VPF21,3067.407632534242
TLK62,492.51861208356974
EEL14,1421.982083442001
YMG27,2822.622269764327
RVF12,3509.0910236511804
ECE94,2128.968726495673
XVU27,1926.5094273546224
IZD14,3529.473664996087
RBA14,597.0648550021331
QSY87,2728.9571720299155
PTH76,2699.854137397272
TGY15,2581.8155667044284
MEF33,2718.4655686151586
GLJ63,3409.190555586894
KED13,1585.8825311527517
GNP12,2965.1096996743377
UYP13,2274.0590256803243
PTH44,3004.9987085839693
AHZ15,2714.6141955586063
HNB36,2509.595769218478
FZC14,2894.8635019576154
DMB13,1648.1987485657557
CSV89,3648.1898569300697
LEE78,1633.032551022841
ZNR36,2497.1190566097284
XAG14,1687.996172434895
FCY92,3307.136356006763
ZLP33,1704.912600669687
FXD77,3362.7930204018135
DZM40,1440.0748579335022
CTJ12,1644.6068013420206
EVN95,526.1616077939251
LZI12,386.9658744349527
BOM11,1640.305939760943
RCK21,1770.1996866611073
HOK90,1364.9126124811673
ZTE88,1696.378238814027
XIL11,2759.1407934159
OYN80,1605.379713550975
HZM67,2503.1841170976495
TIE50,636.6318860016427
MGI72,2038.8830348899144
BNH40,1639.6654511788117
EOA13,1918.3568730329841
MCS10,4439.925114657635
FCG79,1798.9349939070228
DFL12,1535.635796598898
QTC50,3242.6239598086577
IYM95,2057.28309457492
OFD11,2014.0465541826884
LZI12,2851.1101669880245
FOS91,2694.2415941406007
EWF71,2400.6840615165593
BNH40,1363.0920236782952
LFR40,1837.5259903888884
LIC37,2968.9762240195455
OXK54,2636.9573390627593
QCS35,521.9744037470672
LJD10,2311.7767844452464
PYU86,2558.1282703129873
GUA99,4605.75032979563
TLK62,1753.34905349313
JBP32,1368.4653037406665
ERM22,2162.6455267206525
TZV99,2886.750264949635
MTV83,412.6383188709595
ZKH72,3156.988592908923
AFS55,3072.073558384781
RCA58,1984.9782153220688
XUF12,3539.517514701002
ANV76,563.3198322075013
RUT58,1644.9127533942356
DSY84,1593.2814836767034
WCQ91,5034.315024160768
RCV45,1421.2952793808893
WCQ91,376.20700617315396
NAZ53,2038.8960732338937
TWM83,1513.7375937350193
BTT13,1873.6282126029464
FWK70,417.41932475042006
PYC12,3149.248279918162
XEY34,1919.302919629694
QEG60,1910.377756727899
GKK14,584.123992056536
VYB12,1860.4867585287493
OXW15,5090.482345566715
QIN25,528.906981117241
SDZ43,1495.2653555322881
HMI11,407.5746464622309
GZY85,638.9153255506048
GYW49,2918.6032883130265
QQF11,1961.3473657126146
DAZ24,1964.3106681128272
AUN97,1885.8356461916158
ORN12,2697.8074782006966
THU10,2983.573325760459
HIQ11,3271.5717075861508
AWN68,411.8094499666467
EHR84,2832.941475571908
WLZ15,503.7181193960659
DSP10,2600.685197964555
OKA72,1535.1415947769083
EGY46,2922.6820303444797
ILY10,422.0219326336175
HST20,2948.864865692372
PNR62,3715.5039462101663
PEQ68,2051.478687762204
OVZ29,1988.4303701924423
IFX12,4543.941841594418
IEW96,3477.886253230894
KSA50,3287.5148451479563
JTU15,3117.542005512088
DWO74,2890.0618540038668
TNM58,1775.7176717033333
YGZ30,1406.6993720353316
XIS12,3004.1846893350203
HQW98,1551.8045992014074
DAW29,2846.67731663787
XTN16,3368.3257702991373
UBT47,2670.2294057340514
IYM95,381.0003119240102
UNF20,3614.4394635058597
XBP87,1311.3848355337968
IXV42,1547.8702936508953
TRZ10,366.0082512638637
XDH81,2346.044674590746
ADO13,1381.8795452719874
HZM67,5388.97444658923
XHP42,1792.515443473879
VRD44,1654.7970907178478
NAQ53,2330.1973144649655
IKQ41,2978.1012956179557
RTM43,2045.453200783934
HAY13,546.1902325709129
CSV89,371.1967475998814
EGU28,351.5406667238084
VFE97,415.3693241886811
FLZ93,1410.2394973641485
AGR82,549.8398477446664
ULT11,2002.3898018546506
YEY91,2800.4205410339155
UNK81,1428.4190818799862
KXG14,1913.3643250400212
MJB10,1841.1145868457402
CDK74,1749.927286194649
EGU28,3155.4317392572348
GRM60,3061.3699976218845
NSF70,1611.4140873788651
VKW64,358.1466364348752
NUY94,2533.617482881536
TZF64,2983.9073532371763
YJD12,2955.0733331557603
FQP55,3106.3222842270525
PMV74,1422.014967474227
ANT78,2942.416952689189
OWV84,1638.3699554880318
LHB99,5313.336503049644
BXE31,5375.294223312097
LLH65,2697.1651104119846
KAE47,1778.629311042394
SST14,2151.3826421142376
SZL68,3114.2287539888603
QSD18,2864.623075776228
XHQ90,3370.0360220228076
SKK32,2841.550389857427
MUE19,1946.3608037400245
OIF72,3859.9729033264566
JTU15,2337.265700698775
JRE61,1343.7748601473766
ZYP12,367.25306145674057
GUA99,3005.1537930584564
NGK10,3001.325709777333
NPE65,4970.632648987981
XAL40,1378.8886840327912
SIZ31,1662.6983876510847
JYY11,2236.9305641405554
EDM63,1917.933612078394
XDV33,2733.8811308630784
TYB54,2231.5241361066337
VQU85,558.5677940799445
USQ94,1693.137444926319
PNR62,3738.2270383982873
WOT11,1390.242655501987
CSV89,1654.08369954418
JXG94,3389.403506106057
IHO60,3475.3718315219767
WJU16,4931.3390036394585
TQS13,3282.2300597687486
GMU28,2093.619863314369
DUJ62,1459.1152308388005
UOI59,1497.5329691264164
LSK61,2414.265553085677
IAP53,1627.9920345066023
TNK24,2548.0828064622306
YSI44,3033.764028823913
KJA29,1441.2991709010746
YEN19,3637.8683869263336
DZQ18,3040.286942502404
NAQ53,2774.2639123269564
WHA79,1784.762535817748
JSD91,1451.94408890553
VHM53,3504.248377978791
CSM50,3323.7614146502574
JHT69,1949.191786713674
HQQ45,402.4564912290496
OGH10,3708.3777453402413
PQM96,2864.454616492814
FPR69,1515.7389873939785
XUF12,2415.923815524516
GWH45,1402.4632711447887
UIA89,5787.531277589391
MVU13,2769.173954023076
CXZ12,3117.3461641927342
ADT76,399.7501974714479
ZFU57,3133.65136539117
THU10,2280.131218431466
THL13,1494.9375526908518
VFV14,1554.6433545812802
SBH11,2231.836563223297
TNM58,3295.9518789838226
MBM13,3121.099126970961
EXH11,1907.6633161184714
DMB13,2865.661870348249
BBL13,3019.9728488000396
MZI14,1983.0196823725566
RQS74,1871.4377862911842
OUT45,1510.5832175135013
UHT82,4578.888992663719
OFA73,2996.3395130444364
RCA58,380.28016557937076
PNT79,1874.503147875812
VKG12,2123.7714034071732
KJO95,1553.6657396167634
UKE70,2092.4543356293325
FAB15,1935.9998792394915
EEL14,2567.4988224629283
IDJ12,2420.155925074516
LAW13,1857.733129419821
IOG99,1334.814477229917
USQ94,570.7298043846441
CTM81,1507.5057506787148
JET13,3188.7384783769216
OKA72,1930.828484057293
PJG77,469.514884364284
RID69,1774.6704034525476
RLY93,1297.2998176612582
GRY10,1712.2195590593037
SWG81,1692.4697591972574
AEL80,1879.5485204736283
THL13,1513.8818895464321
TIE50,2060.054505454904
CCH19,1479.2580893597149
RHS94,3417.650874910356
RVF12,1453.132192523522
DUQ11,2737.3055989047825
HAQ14,3064.2427115684973
KFB59,3090.9347459390265
NSG12,2311.8318428214525
FLZ93,3685.752980842159
DAM28,3245.382440399906
HQH91,1849.5152272375751
VYB31,378.85891027917853
KBP10,1809.1164562070949
YTK13,435.07009552304595
MSY10,676.5023092213316
ERL10,3015.5467937994267
MOL44,2087.3763296485213
MRG11,1628.1240343209577
XHP14,1701.041679276756
HQM74,442.0001268246534
DOS34,4555.824882470747
IHO60,2273.392858092988
KNX65,1496.6478215897823
KTD74,2071.736531629395
DDK20,1621.3924638921578
FPL12,2938.6694764663316
BOM11,1525.936668101619
GCV94,1432.577096123873
OEQ12,1583.6176068385885
ZMR15,2797.8131001255765
QEI11,1789.0735218446735
FSJ13,2784.410506709032
XJU61,1995.6249857146427
AHC53,3519.7010080125624
KSJ33,1405.7801500526884
MUE19,2944.4193858429144
RGM13,2823.281703344399
YZE70,2848.6184659537307
ZNR36,1823.8378911364025
XDH81,3152.910629712847
EEL14,417.14854731133784
XRI86,2388.259839999219
UYQ40,476.30284713175257
LWT80,2080.47152445729
UJM11,1449.283535817996
YKM69,1796.0362875402702
VYB31,3599.753179011385
PIV47,1488.94975924779
QJS12,3036.47426300906
DFS52,575.9180523168209
EOA13,1453.5618947843948
RRL55,1598.3912025404343
LHK43,2963.345780514568
OLD10,2824.0228174175586
IUN21,1758.449608100926
XNB54,3288.213074216558
ZRC14,479.1936805216982
NAZ41,2582.7867883043095
YDI38,2467.3987794576938
TWW48,3068.077733701138
VSA14,4711.972463647859
IZT30,341.1210700529646
LTE14,410.02351635333054
OZD18,5386.509402665587
SWI46,564.8356674965082
JHP96,4608.820811643289
DFT93,2622.3560004884307
GUK86,1504.9365740099747
YPR99,3040.5926342352327
UCB79,2619.3707774943127
WVX10,327.60313739852296
TZX36,2752.5487199736135
RYI24,3095.315001269235
WPJ11,2999.551879147845
PAO84,4352.050653826469
XPX11,1465.5171794686007
UOA58,3104.680390809555
YEY91,3682.1748617148783
OUT45,2694.0783594825793
TPH13,380.14029352565564
ERL10,2050.703923261648
WAF13,553.8174839948995
TXM50,2829.920546051275
RCT12,2743.3036662150134
SFQ49,1469.4997567263356
AHZ15,1989.0491276412492
TVW59,1669.181444669731
PBV95,3522.0532084649144
PZT93,3105.820438872217
VWU47,1953.4382503190343
OEQ12,2000.6291369805324
UCM12,1465.4370304263387
RXM37,3193.4561129648623
AEX84,1890.3004766932365
FYH15,3272.8316862727365
BNO71,4855.001991396017
COQ16,1694.4685869702432
UCM12,3047.2350467462343
BAX62,2968.328832704321
QGH13,1460.4796673155026
RLY93,1330.5995256131544
PGC13,1610.6702735510742
IAS38,2939.78982472881
HST20,1825.517293752855
OWV84,2997.8096896341212
XNW82,2415.5014337090347
EPQ18,1719.328205039886
EZE26,3231.759349444451
FXD77,2599.083635537968
TKG19,2977.118026615757
YSQ17,2053.915621128894
QLK14,3379.008009959683
YGZ30,2652.3226873844546
EFZ24,1874.6737511257027
YAO11,2090.028707786416
CBZ43,1562.6551645857971
IRM25,3371.801890818995
SFI23,1600.8816827715877
SGZ11,3378.4089135071513
UXD76,2150.864141693498
GKZ14,602.7375029773107
YAO11,2812.865054715824
YPR99,2780.8049216877557
MBW35,2766.9454686114536
NEH32,3345.483426661093
SRT14,3489.3374317881135
ACC80,2298.433497296706
HNW92,1209.8164920484598
HJY10,2908.8110288660478
GMI62,3118.6886434556077
ANT78,2995.7731303914466
TIQ73,1596.4445067046713
ZKH72,1437.8176958339232
USQ94,3409.0181974249344
LZI12,3330.2183839670097
IGC14,2988.463568453535
GKR83,533.2727942576078
PMV74,1731.731377187153
ESB61,4837.4565257454815
KPW95,485.2644960906919
OIK32,2933.5827424448466
RGL63,2680.2874400549963
JPY13,3308.160898608861
NDL93,3268.0494273091876
HJY10,2035.5220957351326
DZM40,3760.8909136872344
EOK39,2104.8790011360675
WST73,1370.1500935222682
FRI14,587.7118347673785
VBF19,3304.158405722577
ONO10,371.72052985664834
GWU14,2771.7205431031266
QKY68,505.2205977294582
IZT30,3664.6807973952273
XVT88,2886.4597559201
NYL12,426.48845235840315
GZY85,3745.6422419495957
KSS26,1622.3392214700839
DOS34,1217.89215283961
LCH20,1857.30301790248
ZOJ13,1953.5468861528661
PQM96,1394.939825274042
VKX48,1614.5246575908961
KOE13,499.77056241255667
VUG26,3781.3085893364537
JNT60,467.81211391255107
HRH29,1609.7954716840188
YFD14,3874.121205825164
RJK10,2866.1387360245412
UET42,2092.778974176493
KJO95,3224.3305306991465
ANL15,515.1949835741157
SZA88,1696.5548876707544
CPQ12,1628.6424047767866
IIG27,3615.1153117249237
CNN14,1473.140009737442
IEW96,3065.801674440641
HPG22,512.421585403245
UXH58,1590.0729830617927
HIQ11,2981.9233919967205
JXG94,381.87887239668487
JDT14,4514.129615788297
TKZ13,1972.6432277062836
CTT10,348.4816903763658
BCL11,3407.416855916591
QQR55,2471.8104790993752
KPW95,2564.3097225946367
RZP72,3146.752200432266
QYX54,1320.2849214299497
RZV10,1915.7534056540503
QAE90,395.16054412769404
ZVH10,3552.651296455972
VUP73,2822.552899702866
UNO12,1978.9693433294306
NIC11,5458.939686511387
ARR74,3155.88479591529
KVN10,1893.0647723839365
RJK10,2016.1118985946578
XTN16,3742.249485637222
MWN81,1647.8823344428063
OGP11,2840.505165756125
VKQ91,1568.33739411475
PVE70,1582.5962390377651
EWF75,562.8687178108935
CTA35,1863.4703252210768
IPR12,1863.661783641854
DAZ24,2304.081528752121
ZCZ64,2436.887852460055
IFX14,2302.4778819533344
YBZ14,3785.6200005220676
UJC79,3258.974696997639
PZL14,3770.9584978354214
NJZ80,5579.975245045516
YOC67,1466.6928128191562
PGR13,389.48692035805294
FCJ12,3058.5375864407047
TAA14,1794.505640205644
JQW88,1885.6845829455353
LFK13,2892.950220278799
SVQ36,3520.057810599434
DMF12,349.5499776319463
QEI11,1500.8750687169365
QGQ10,1516.74404683599
XAG14,3197.4805986048164
MZI14,471.6805808942304
VHM53,1475.3757647913737
QUR48,1528.4923010676275
PQM96,564.7486132711377
VOR91,1477.5987802838347
TQW51,3132.6372325438792
FQI14,2973.658592360958
CPZ57,408.6730481695434
EWT46,3415.048204458705
BFC68,1805.5472510701045
RVF12,3518.877850893338
PRQ52,1503.7689218555897
DBJ11,2125.813126899316
JCP13,2919.6400689804086
KJO51,3009.7763693531074
GTU11,2590.6864327429735
WJO14,3170.3748427715923
XAG62,3696.2297225869806
LXR14,4227.64784315608
XTN16,2437.6003052043097
MQO56,1528.7883824705925
LNK13,5162.461241040858
PJX11,4685.38640846403
MBW35,1788.6447428056842
PMC25,558.6216002568389
VKP89,1336.105588331206
IAR88,2435.476754730557
JHC50,1375.2945425688347
MSX11,4377.088136260947
OQH15,551.1102932727165
XBY11,2957.3026634702333
DIA66,2579.790065481721
PAN11,1957.7571895560438
EZE26,1568.1482345561683
IZD85,3372.8187044611077
VCI10,1986.2943834726657
HQH91,2541.2598135053895
STT10,2253.2952547138825
LYV84,3679.3863602384135
VPX10,3244.8093365939167
HTG15,547.278489039238
ZAY63,501.7441469983215
XZA11,1919.5786518808036
MGN14,2573.976330343509
QBL45,2734.8244500122482
EVN95,4869.758948021902
RME82,2897.440586833056
DEL24,1632.2104569040323
HQX39,615.5731716475192
YNH71,3588.552239152544
NKH42,4590.971749504584
FVD11,2769.6249185443717
NSF70,5370.938543435058
VNP14,2568.2923999885174
NQG12,1508.5646030320877
UJL53,3177.2163498667187
GPJ11,3397.6202510493727
QGQ10,3131.9891816033128
BNA70,1412.903444967892
VQU85,1645.5114581056437
HRW59,3506.106241225908
VTP18,1862.750476667057
HAY13,2553.7182986081048
BWJ76,1563.6617277154357
HZC96,2565.459517275095
CUY60,556.3423795105185
AKE16,1996.215847881562
RMO57,1582.910824143813
TKM11,1805.8512965465238
IAP71,1799.3379614605876
RGL63,2537.418900709155
FDC11,559.278361250511
KAY10,2656.1037376683034
ENI41,577.3675418297007
CKJ42,2658.565145617576
GRY10,1264.1146972569652
QVX70,2663.780889686398
IZA10,1941.7359320625685
XRN69,5151.870535984128
RWJ12,3172.074491277476
KQB14,3554.8459635172394
VPF21,4564.7311414260985
UFQ12,3399.7093164464213
NCI72,2743.002371170331
GLQ11,2218.2044332125574
FTE97,2471.955288557824
KOF27,2721.8953322725947
EOF58,1888.5594810977861
TGT13,4331.402673067109
AFO34,1711.3585332380658
GSG12,1225.5271299110339
GLQ11,1556.0750096866539
OXW15,1534.3477789888163
SDZ43,5020.906594382058
CXZ12,1632.3382466342146
HVG39,333.4489588541503
DOD12,504.86143448823407
FQI14,1371.6448229855562
OPR10,361.6943615557775
VQH10,1325.1968638566154
DDB57,379.3209793811616
CFI15,2667.1388613573654
FDK15,3097.388187497285
KVS72,1674.7894807375021
WEX14,1428.8551288230367
TPH13,1221.3414516976213
ZAY63,1557.21583513353
WKN59,1580.305993269731
IKU77,1325.7078785090075
MRS69,3093.242075532186
VUG26,1414.4444124132808
USU11,2690.586188619175
MKM14,1394.2429025621077
LSU81,1568.73575491264
IMO12,2986.9033834765664
ZXN29,1722.6542947880196
OHZ77,1505.2943703132669
DLH42,1959.7995622188846
NSE67,1843.3315143506836
ILY10,2580.315390313683
FPL12,1635.3901795520192
FBW60,2816.1335925874314
DPL20,2582.6153665136208
JLR10,2432.947833099904
VDZ97,1502.3360789296516
LEE78,2968.3975295801415
BGH11,414.23897792313744
IPC15,2760.1552825252543
OKH95,2408.875285087872
PAO84,2899.041536109536
LHK43,1830.9005610894333
FTY40,1908.7142343732696
BFC68,1920.7805077626742
KIE51,3678.822347604874
OHI10,560.812286247508
IFX12,2971.990248999782
CQC14,1543.6051753615109
COQ16,2856.9489140796445
IAS38,2780.956678725524
STT10,3516.8099961442954
HHJ28,
YGZ30,
VSA14,
TVW59,
KGK12,
IDJ12,
APX13,
QLK14,
AJF83,
AHD74,
ALR12,
TVT11,
BNA31,
NMP43,
UMX23,
PRU76,
SIY12,
IAS38,
OHZ77,
OGH10,
EQV54,
HNB36,
GRY10,
BGC59,
HQW98,
RMM57,
TVW59,
LXR14,
DIR24,
QWO29,
HDN12,
JZM41,
STQ49,
UJM11,
IWE13,
YPS49,
NWQ13,
OFD56,
TES38,
YOV13,
KVN10,
IWE13,
JHC50,
CTJ12,
CBI10,
GLS37,
IKA89,
KPX48,
UFE10,
YKM69,
DOD12,
AAJ32,
KON13,
HMI21,
SIJ28,
OTB75,
GLJ63,
KTH72,
HRH29,
ADT76,
OGC10,
GMI62,
GMI62,
LSU81,
BNU14,
HFF15,
XRZ81,
XQU10,
FKP38,
VSR86,
AEL80,
FOD85,
CSM50,
RCG12,
NXW60,
VNP14,
HPW53,
GMV25,
NPS46,
OJX13,
FOK23,
LFG35,
UYH71,
GMU28,
GNK67,
SZL68,
HTY10,
DGB94,
VSA14,
BCL11,
NTR12,
PGC13,
IYQ61,
VUG26,
WJW10,
UJM11,
WLZ15,
TQW51,
DAD76,
FWK70,
UMO34,
NVY75,
VIC83,
KBR18,
OFA73,
YEY31,
OHX11,
ERM22,
FPV84,
ZIV91,
RNV12,
NJQ14,
CTQ48,
LRF62,
ZEP43,
IHZ66,
DBJ11,
THL13,
NKD77,
ZUC11,
AHC53,
PNT79,
NYL12,
WYW11,
OTB75,
NTP61,
QMN13,
FOK66,
VIC83,
GNK67,
DRY11,
ZQK44,
DAZ24,
KVS72,
QJS12,
VWU47,
ACW12,
DKY10,
NSE67,
OSG85,
WII66,
ORX66,
FIH39,
XRJ35,
BKL99,
YTK13,
FRI14,
RMO57,
TMZ13,
AHC53,
APX64,
PJX11,
FOG11,
TRZ10,
ECE94,
QKH44,
XOT50,
MKO99,
WGT10,
PEQ68,
KXA92,
BBY13,
PMV74,
NGK10,
FPC14,
PVW15,
NCI72,
WVF37,
RYG11,
DUJ62,
GWI12,
SIJ28,
CQZ29,
SAD14,
JBC11,
MYA10,
KIC54,
CNN14,
QNR20,
VBF19,
ALR41,
WKS47,
JJZ12,
IBE74,
ECE94,
IZD85,
NTP61,
CSI11,
VLR87,
OHK62,
DXX87,
WWF98,
YDR46,
LCH20,
MGN14,
FAY70,
KYV41,
BGH11,
IAP53,
VKK10,
RDB13,
HQU11,
JEM14,
YVV26,
MYA10,
EXH11,
DAZ24,
SPZ10,
TNC52,
EVN95,
XRN69,
VST13,
SBH11,
TRZ29,
WDS14,
SMU22,
AFO34,
VSL11,
FWW89,
QYN11,
SLY12,
BNA70,
MSY10,
KYZ66,
DBJ11,
DUQ11,
TNM58,
FIH39,
FKP38,
AJF83,
KJO51,
NYL12,
HQH91,
MRG12,
GSG12,
YDR46,
TRX84,
VTP18,
USP86,
UIR34,
PIV47,
WOT11,
KGF12,
VSZ13,
GRY10,
SZG51,
KOF27,
YQO80,
IZT30,
IBB12,
IPR12,
WDW84,
RRH53,
TES38,
NXW60,
VKG12,
UJL53,
YUE24,
KXV82,
YPI15,
KBP10,
PPX12,
MEF33,
GMN17,
NGK10,
YQL23,
CTJ12,
VKP89,
FCY92,
KQY98,
PYY23,
NOA32,
WIW15,
XTA25,
SBW86,
XBX30,
APE89,
KIT10,
VCI10,
DVR14,
BXE31,
BFC68,
JVE40,
KPX48,
WKS47,
KZP71,
STR65,
GKZ14,
APE89,
CTQ48,
FDG14,
BNH40,
LHK43,
WIW15,
OSH14,
TRZ29,
UMO34,
BSQ74,
TXM50,
BAE68,
GYT13,
FCG79,
KIT10,
GPG94,
MUE19,
VPA11,
XGE53,
AJA15,
YTL30,
GCV94,
BGH11,
NXQ22,
VUP73,
HSZ90,
HQW98,
WTA87,
YUP11,
NSZ37,
FCG79,
CYW14,
HZM67,
APX64,
LHC12,
EFJ10,
VYB31,
WXI33,
IXV42,
VKQ91,
QRB67,
MPG14,
MJI11,
LYL11,
TIQ73,
YJD12,
IBB12,
DQX15,
EXH11,
KJW36,
VSL11,
QVX70,
KSA50,
QGB28,
SVI87,
CJZ63,
JVY11,
FAY70,
WXN13,
XXE14,
HQX39,
DFL12,
VSR86,
DKW49,
BKL99,
MAJ12,
TZF64,
IDG55,
VMN13,
FPV84,
OJL17,
OUT45,
DJC91,
ILY10,
LHC12,
PDQ67,
QQZ11,
OOB26,
RRL55,
NJD55,
VRP64,
DBL51,
MSJ80,
DRH86,
ZKQ11,
SGZ11,
ORW88,
NXW60,
KED13,
VFH85,
NUU36,
DIX98,
UYQ40,
DRX83,
MCJ75,
CKJ42,
TMZ19,
FTF15,
OHY21,
GFI37,
OEQ12,
RXM37,
KLQ71,
IOG99,
YJM13,
QCS35,
JNT60,
UKE70,
GWC40,
FIH14,
PBV95,
VUP73,
NMP43,
OVZ29,
QGB28,
QBT13,
SRS13,
YED13,
THL13,
DGX15,
LSZ55,
ALR41,
GNP12,
TIQ73,
CCH19,
OPP86,
HIM13,
GRU16,
FTY40,
WWX99,
MBM13,
BNO71,
FLZ93,
KSS26,
TBP63,
RAH11,
CBB32,
DHX14,
OHY21,
CYW14,
CXN95,
PGR13,
XCO10,
XDH81,
VSZ13,
LIC37,
KFB59,
JXN83,
DVB70,
ZJB56,
TBP63,
WDC12,
VFE97,
OLY11,
NJZ80,
IMW22,
IHP15,
BKR48,
TUA11,
YST51,
OGP11,
AUU56,
OFA73,
ALR12,
VIC83,
PCC14,
ORW88,
YEN19,
HTQ14,
XXE14,
YFI46,
EFJ10,
GSR10,
SFI23,
BBL13,
TEP90,
BGU29,
AEL80,
RFB10,
HMI11,
XRU43,
KPK10,
WJW67,
FOY14,
LYL11,
XPL78,
JJZ12,
KDE69,
UHF16,
TNM58,
QGQ10,
DOS34,
CKJ42,
IBY35,
TYB54,
PYY23,
GMC11,
JTJ10,
VOR91,
KYZ66,
CBI10,
IEA75,
ZYE13,
GNK67,
HHZ13,
BNA70,
UMX23,
HHY36,
AOQ13,
RCF13,
WOT11,
QKO94,
ZKQ11,
XBN75,
YSI78,
UJD45,
SAC31,
LAP14,
CPF13,
YSQ17,
OIY11,
KAF29,
YNH71,
DZQ18,
WWF98,
SZO25,
ALQ91,
ASG22,
PNT79,
CQU27,
HIM13,
SKA90,
DBL51,
DBA13,
NXQ22,
OAY27,
ORW88,
ZQW57,
ORS21,
IEA75,
MSY10,
EKB23,
DOD12,
TIE50,
ZTE88,
IXN93,
OPR10,
HJY10,
KZP71,
ZLP33,
ZVR52,
NQY36,
GMH69,
DUY39,
FTF15,
XPX11,
KJO95,
KXV82,
MJH13,
LNA17,
QTC50,
EEG76,
CQZ29,
XHQ90,
YEN19,
GRY10,
CGK11,
ZKO55,
ZUE85,
HHT59,
APX64,
BON13,
PYE12,
CJZ63,
VRP64,
TNM58,
SKK32,
KXA92,
LOS50,
EZH74,
BUQ68,
XBY11,
RZH55,
JMH12,
HPG22,
JUL12,
HNB36,
BDC33,
OIR82,
OIK32,
AUG42,
IAN13,
LCT65,
HSB92,
EVI82,
AEN20,
NZS82,
UQC15,
DMB13,
QSD18,
DIX98,
VPF21,
CYY10,
YYE10,
RMY66,
KKC12,
VOY38,
VGE44,
WAT20,
OWV84,
LTH47,
IXV34,
VMP31,
SST14,
OHY21,
PPX12,
CAN15,
XEM85,
LLI13,
QGK19,
OJL17,
YZF96,
JGV79,
RYR23,
VOY38,
ZWS21,
TGY15,
TNK24,
KQH57,
NXW60,
OCU12,
IXN93,
IEW96,
JVG23,
SRS13,
FOG11,
OEQ12,
FTE97,
WEP87,
NCG56,
ORN12,
MNO10,
CTM81,
ENH17,
DPF60,
HTO82,
AIR10,
HCT14,
LIC37,
NZA81,
ZFZ28,
UDQ66,
CTO12,
SMU22,
FJG11,
OYJ39,
QMN13,
XNB54,
ELY14,
ZJG11,
BUX15,
RHG44,
RKU85,
MUE19,
PXU66,
MQO56,
NTE48,
RVU10,
DOY13,
FWX31,
YYJ78,
BKL99,
XOT50,
RYR23,
TXX50,
WEA21,
QAE90,
YFD14,
AHF89,
HTY10,
IMW22,
AGR82,
RXG14,
GYW49,
BNA70,
BMM62,
MJG11,
EQV54,
OAO12,
OLD10,
VOY38,
UOA58,
KEB73,
VQW12,
VQU85,
TVN24,
LZC90,
CHQ39,
CYY10,
IHZ66,
IKA89,
YAA14,
PYJ13,
DXX87,
PYU86,
NDQ15,
UNO12,
RDC11,
UJD45,
BAE68,
DCB19,
XDV33,
ZRC14,
GMH69,
HVG39,
VIQ13,
OGE14,
ZNR36,
RAQ30,
VUG26,
QTR25,
UKN13,
JHC50,
CPQ12,
XQU10,
ONO10,
KAF66,
BNU14,
JBC11,
DHX14,
XFX12,
RPO17,
NQW13,
ZEO73,
DJA22,
ARL38,
OMK35,
YUP11,
DWE31,
XEI37,
OYN80,
TBI27,
ZOJ13,
JZM41,
DJA22,
UAV72,
ZDE75,
YOP62,
IKU77,
IWK67,
OYN80,
TZX36,
OZD18,
CCH12,
FFG32,
HJF13,
HHT59,
OPP86,
GAC11,
IXI10,
EHP38,
ZGW12,
KFJ98,
LJC15,
NMJ18,
QSY87,
OHZ77,
QTK14,
NTR12,
WKS47,
ZQT22,
HRW59,
XZQ17,
MZI14,
EVI82,
TRX84,
PNT79,
XRI86,
UJO95,
RAH11,
JES11,
FAC22,
XNB54,
SSW11,
PNU88,
VHM53,
FPL12,
RYI24,
OIR82,
RJK10,
DIA66,
ZTE88,
EFJ10,
MUM12,
FIA79,
NOR77,
OZE92,
WFU12,
CQZ29,
TWM83,
HOK90,
WAQ97,
VOR91,
URV12,
IMW22,
EHE57,
LLI13,
EWF75,
QGB28,
YPI13,
QXD11,
QSY87,
GPG94,
DZM40,
QEF34,
EEL14,
DMG17,
IKA89,
RFA13,
CYP90,
PRD78,
TZV99,
YAO11,
MRS69,
YST51,
TVT11,
RHS94,
KQY98,
PIV47,
RAH15,
WXI33,
FAC22,
YBM44,
GRU16,
HPW53,
WIW15,
PRQ52,
OYC25,
GRM60,
FLH42,
DUJ62,
UAS12,
EFJ10,
HAY13,
SST14,
XIS12,
EGY46,
IVE63,
QEF34,
IXX58,
RHS94,
MEF73,
QLK14,
IHO60,
YUE24,
NGC14,
VMA61,
HTQ14,
QFN99,
XVT88,
NXQ22,
OUO54,
IDJ12,
KXW10,
OOL46,
BSV80,
CQC14,
XYM10,
URG12,
KSJ33,
GDN13,
WAQ97,
GAC11,
UNO45,
HNW92,
VUP73,
TPX20,
HTQ14,
MJG11,
IYM95,
DEE35,
XTA25,
YST51,
DSP10,
NDL93,
YJC10,
OIK32,
DSK43,
UCB79,
CTM81,
HLH13,
WIW15,
ZAM11,
BSN10,
SFZ66,
UMG13,
YOJ46,
LTH47,
EBO11,
KAY10,
DSY84,
CFL52,
IZD85,
JZR45,
XRY13,
DZI47,
MJB10,
JTJ14,
WDW84,
XJG99,
TEP90,
VWN65,
VIC29,
CYS10,
DPF60,
GPT28,
JLR10,
DBA13,
VPO73,
YSI78,
RRA15,
IKU77,
GMU28,
YQV90,
SFQ49,
HQU11,
FCY92,
DOF10,
UJO95,
YFD14,
QTR25,
NZA81,
MDI34,
JVG23,
STR65,
HRH29,
PJM18,
FDI10,
KPX48,
YYE10,
BIY14,
SVE76,
YZE70,
IEB77,
UYH58,
YEC92,
MRS69,
OJL17,
ECD15,
RWW49,
VWU47,
YAA14,
QBV12,
RHR86,
MGN14,
WWX99,
RJK10,
SSS10,
XVN59,
VMP31,
HAQ14,
MKM14,
NVY75,
YSA54,
OGP11,
AHF89,
CGK11,
SFI23,
GOU14,
YDR46,
NCS40,
MSX11,
FDK15,
LSU81,
WBL95,
NJD98,
HQQ45,
KLY25,
IYQ61,
JXC75,
WGW41,
ILY10,
ZTE88,
SSS10,
IJC44,
KLY25,
WKS47,
GFI37,
RWJ12,
QGV13,
IYX45,
GWI12,
KBE13,
DCB19,
GZY85,
ZZU58,
EDM63,
GKR83,
OKA72,
YUE24,
KYJ80,
QHL12,
UMG13,
IDG12,
KIT10,
YHP10,
VKP89,
SWG81,
JTU15,
CXN95,
RNV12,
FPV84,
UCB79,
YXI41,
PCZ11,
FWA65,
WEP87,
ACC80,
NUY94,
SGZ11,
RKO79,
EKB79,
IYE11,
UTN77,
PDQ67,
CEI27,
WIW15,
NUU36,
APX13,
LSK61,
USU11,
OMI11,
MJH13,
CNN14,
NUW49,
RXM37,
YLU79,
OPR10,
XNW82,
LTH47,
WGT10,
GLS37,
KDQ15,
VLR10,
BGA86,
EWT46,
QTJ15,
OTB75,
UCX61,
RMO57,
QTJ15,
HHJ28,
GWH45,
QQF11,
UJC79,
RYI24,
HNB15,
TVF57,
IZR59,
XBP87,
FPC14,
TWW48,
YJM13,
KBP10,
YSA54,
STQ49,
XBN75,
YOC67,
RIM99,
YTK96,
LYV84,
RYR23,
NCN85,
GMH69,
IFX14,
KLY25,
PJM18,
NXQ22,
DWO74,
HJF13,
JGK92,
XRH13,
JUL12,
YPR10,
HPK57,
BMM62,
UJD45,
NSG12,
PNT79,
AQW42,
XAG62,
BSN10,
VQU85,
XZQ17,
MIH17,
CSI11,
VPO73,
BMM62,
KYV41,
WJW10,
GKZ14,
VSL11,
JGV79,
MKR14,
JJF18,
PQM14,
OJE14,
JHT69,
KAF66,
RDB13,
VVO38,
OIK32,
ZLP33,
NSE67,
LJD10,
FKW44,
VVP12,
MBW35,
TQW51,
VXI12,
QNR20,
AUO69,
CQZ29,
QZX14,
FPL12,
LZI12,
TNK15,
VRP64,
TRZ29,
PKY91,
KXA92,
LLI13,
AFT64,
QPF16,
NJD98,
OYC25,
AAJ32,
NAZ53,
QQR55,
NQY36,
MZW14,
PAN11,
TIG24,
TVN24,
EXZ14,
GHD63,
WDS14,
IAU19,
KOE13,
LLH93,
OWV84,
GKI48,
MXK51,
VOY38,
HNB36,
UMX23,
SZO25,
JTJ10,
RYI24,
MGU75,
IYX45,
NDQ15,
GVZ23,
FZC14,
OPV12,
UET42,
ITH16,
VZP56,
BFK13,
NDK33,
WWC13,
UKE70,
WWC13,
AUN97,
HHZ13,
SSS10,
ZAY63,
YEN19,
QRC79,
QBL45,
YOP62,
XHP42,
ZRO68,
HWM68,
BNO71,
IWK67,
OUO54,
TTV54,
BAX62,
AWN68,
YCX37,
UOA58,
DRE77,
OIY11,
XBP87,
CGH10,
DBA13,
CUY60,
EOF58,
RVX39,
GYW49,
YOV13,
PCZ11,
PNR62,
UQI78,
BRW14,
KXV82,
WIW15,
QEN39,
KKK25,
CLK14,
OLE14,
OGE14,
XFX12,
CTM81,
UQJ12,
DEE35,
OHX11,
HPW53,
KJA29,
CHQ39,
WBN96,
ENI41,
IBY35,
WVF37,
CHQ39,
BEB14,
HMD10,
QEI11,
CKE54,
HHY36,
RXO14,
SKG14,
NGC14,
FLH42,
SZG51,
EJJ98,
NIC11,
PYE12,
DZO55,
LSZ55,
YQO80,
FSJ13,
CEI26,
TIG24,
TAS13,
DJA22,
QGU83,
WQX80,
NGH10,
EVT14,
GKZ14,
CBZ43,
RAH15,
VFV14,
YSA54,
EHP38,
SLL15,
SZA88,
NDK33,
VYG14,
QBS73,
SBW86,
BEW10,
XQU10,
DVZ11,
FOK23,
HNW92,
SIY12,
PIN15,
WUK60,
QUH78,
LTE14,
EEG76,
YPI13,
YLO35,
JFX10,
XBP87,
IHE15,
EIJ11,
BGC59,
KVN10,
BAE68,
BDC33,
YQV21,
GMV25,
AFS55,
HIQ11,
AKD11,
OBJ55,
DAW29,
VBX12,
HAW38,
BNU14,
ZRM95,
SLH10,
ZFU57,
POR18,
UNO45,
SIJ28,
YEY31,
GFI37,
PVE70,
NAI10,
CGQ37,
CBB32,
SFI23,
WOX94,
IHP10,
DGV14,
VGE44,
CPF13,
VVP12,
ZEP43,
CUP12,
GYT13,
AUU56,
XPX11,
PRU14,
UCV73,
VGE44,
DSK43,
JYY11,
BXE31,
ALV12,
FAY70,
GCD72,
CEI27,
LOK28,
HHY36,
WJO14,
NZA81,
IKW10,
EKB23,
UIA89,
VUG26,
CCH12,
ZOJ13,
RMO57,
FSJ13,
UET42,
WQX80,
UMG13,
HST20,
NQW13,
EZH74,
NPE65,
VKX48,
TTJ13,
WLW19,
MQO56,
SZA88,
SLL15,
MVI14,
OGH10,
VSA14,
YTK96,
OCC17,
OMK35,
SWG81,
NMP43,
SBH11,
NAZ41,
RFB10,
KFB59,
HJZ96,
SAC31,
IGC14,
DDB57,
SLY12,
PYY23,
PIN15,
CYJ45,
TTV84,
OIU85,
JTJ10,
LCT65,
BYA70,
IEA75,
NEH32,
VPJ12,
QUH78,
PJB12,
LFG35,
IKU77,
CPF13,
IXN93,
VKW64,
JZA46,
RYG11,
YNH71,
XHQ12,
VXA87,
GMI62,
WII66,
YUE24,
QQK28,
SIZ31,
MDT12,
XHP14,
TVT11,
RQS74,
TVD11,
OOB26,
JHT69,
DST32,
IFX12,
LME51,
YPR99,
OJT30,
QRB67,
YOR12,
IZR59,
IVE63,
AKD11,
CBI10,
MSX11,
JCW15,
HQW98,
ZDE75,
LJD10,
MGN14,
CQU27,
MIH17,
RFA13,
YEY91,
MBM13,
LOK28,
FWU13,
HNJ12,
LIC37,
CBZ43,
KOF27,
GWU14,
GRD25,
SGZ11,
BEW10,
SBW86,
ALQ91,
DFL12,
FWX31,
XOT50,
CYY10,
WEE24,
YSQ17,
PZS93,
UNK81,
VMN13,
SWF56,
ZXN29,
BAE93,
GYZ10,
YSI44,
LYV84,
IAP53,
VRD44,
PRD78,
LRF62,
ALR41,
FKP21,
JWE14,
CPZ57,
JGV79,
GDN13,
WJW67,
LGX26,
BEY15,
BDY84,
UJC79,
RXO14,
IXA15,
OZE92,
ZGG52,
IKU77,
DRX83,
TZT48,
KNX65,
WYW11,
VVO38,
LZC90,
MII51,
NMJ18,
DAM28,
PYY23,
DKR87,
XIL11,
LJC15,
TFO71,
TNC52,
TWM83,
SKK32,
OHY21,
DJC91,
SQX14,
FXD77,
QGH13,
WAF13,
QYH11,
TZV99,
HQX39,
LGX26,
FES30,
DGV14,
GPT11,
XRN69,
PRD78,
VPJ12,
BGC59,
NBV27,
FIV38,
TES38,
KYJ80,
GOU14,
QRC79,
MAJ12,
UQC15,
NUY94,
RNM14,
STQ49,
ZCZ64,
EWT46,
HJZ96,
THP41,
EWT46,
AHC49,
JBP32,
YJD12,
OOY30,
JCP13,
YFI46,
GAC11,
AXH89,
APX13,
DFT93,
RAH11,
PAN12,
FDZ11,
YQV21,
CQK14,
PIN15,
TYB54,
HQU11,
AIR10,
IOC42,
RZV10,
FEG97,
EKB79,
CTJ12,
XHP42,
NCN85,
BSQ74,
IDG55,
USQ94,
CEY52,
JSI16,
IOW64,
JZR45,
VIC29,
VPO73,
AXH89,
CHF67,
OHI10,
UYJ15,
BMM62,
TVS63,
ZAY63,
MBW35,
PRU10,
OGW98,
HJY10,
OXK54,
PNT79,
KFB59,
NMP43,
SFZ66,
RAQ30,
CGQ37,
UUX76,
WBL95,
EBO11,
AUN97,
JES16,
JLD12,
RYI24,
GCV94,
MZW14,
HLD43,
OJT30,
HJZ96,
VPX10,
GGP12,
RUT58,
FPC14,
UNO12,
KUD34,
NAQ53,
FWK70,
RNM14,
GIB15,
HST20,
KPK10,
NYL12,
KIS14,
GSR10,
TIE50,
OJE14,
OMS12,
WKS47,
UXD76,
NUW49,
QFD24,
ZPQ72,
GZY97,
AYU69,
BNO11,
NAI10,
RNV12,
VUG26,
QBS73,
WII66,
HPD36,
OTB75,
KTH72,
VGE44,
GVZ23,
VNP14,
AEL80,
FZC14,
SFQ49,
QAE90,
XJU61,
YQV21,
BOM11,
CZO65,
BNB10,
WJU16,
SFZ66,
CPQ12,
JVR13,
BTT13,
KPW95,
RVX39,
OXK54,
HHY36,
JRP10,
BOM11,
MCS10,
NNX49,
HAW38,
CSV89,
AUN96,
DUZ10,
VOE12,
DGV14,
SRS13,
LNK13,
IZR59,
QEN39,
PTH44,
EHR84,
MJB10,
AJF83,
XTN16,
MKK14,
FIV38,
HTY10,
DVB70,
NKD77,
CNN14,
GRM60,
RDC11,
HSZ90,
LLH93,
CJZ63,
WJW67,
OVU58,
HTG15,
RDQ13,
FOK23,
DWE31,
OGC10,
CGH10,
CAN15,
AQV12,
NAQ53,
JNT60,
WKZ12,
BNB10,
PDQ67,
DSK43,
NCN78,
TTV84,
VXA87,
CNP10,
YQL23,
NOR77,
DAM28,
BEY15,
RMF83,
PRQ52,
NKH42,
LAW13,
WYF11,
BNA31,
RDC11,
AFS55,
YJC10,
KFJ98,
EVB28,
CDK74,
GMN17,
KYV41,
YTL30,
PAN12,
CCH19,
ZYP12,
NVY75,
QTK14,
GMC11,
FAB15,
HYS22,
EGJ70,
SYW15,
DIR24,
SPZ10,
HKA14,
KZY10,
KLY25,
VDZ97,
RKU85,
OPV12,
YCY11,
FTF15,
BDY84,
NJQ14,
IGC14,
WUJ11,
BKL99,
FTF15,
RXO14,
JZA46,
PXM14,
TNK24,
FWX31,
LHC12,
GMC11,
KJA29,
KJA29,
CUP12,
CTJ12,
HAY13,
OHX11,
WSV13,
XTA25,
GSG12,
VKG12,
ANV76,
LIE73,
QEG30,
CSE13,
VNK13,
GEL15,
PMV74,
AJM90,
RID69,
YUP11,
IZA10,
WGT10,
QJZ43,
ALP15,
URV12,
OHK62,
DQX15,
KSA50,
LYL11,
CPF13,
WVE39,
KQH57,
OAW37,
OMS12,
FWX31,
MRG12,
ZLS67,
JPO54,
HTQ14,
RAH11,
LNA17,
XNS15,
OKH95,
UXH58,
DVT10,
WUV14,
XJA26,
IYM95,
PRQ52,
QUR48,
WVX10,
EUI92,
ZUE85,
IZT30,
ERM22,
JJZ12,
QUO93,
MCJ75,
SMU22,
TWM83,
SVE76,
IKU77,
ANL15,
YSA54,
UMC12,
TPX20,
SAC31,
OSH14,
EVE11,
NCS40,
XIL11,
OPV12,
UIA89,
YBZ14,
YVV26,
RMF83,
NCG56,
WUC76,
OIU85,
TMZ19,
KFD15,
DVZ11,
OPP86,
YYJ78,
IMO12,
PRU14,
KZY10,
UNK81,
AOQ13,
EGY46,
WJO14,
OVZ29,
ELK66,
TAS13,
ENH17,
RNV12,
IUN21,
CTJ12,
WXI33,
YOP62,
ZWG14,
YEC92,
KTH72,
HAQ14,
KIC54,
KLQ71,
ZVR52,
FXD77,
HRW59,
CQK14,
XCO10,
USP86,
OZD18,
IKW10,
XRY13,
DOF10,
BFA10,
OBJ55,
HNJ12,
PPX45,
QFD24,
HNB36,
VQW12,
SAD14,
DRX83,
LLH65,
JJQ10,
BMX49,
WYF11,
JZK98,
BGU29,
HWE10,
GUK86,
FOG11,
DEL24,
RUT58,
BWJ76,
SWF56,
CNC77,
RYR23,
YJM13,
NRV87,
DWG12,
FMJ26,
DVT10,
UBN10,
FOS91,
JPE14,
PTX15,
DVZ11,
NSE67,
PJG77,
VFH85,
QRC11,
JZA46,
KTD74,
SCK30,
KLQ71,
RRH53,
HQQ45,
SFQ49,
JRP10,
GSN53,
OGP11,
HHJ28,
GCR10,
YXI41,
IHZ66,
UBT47,
PBV95,
AHC49,
RFA13,
QXX90,
INK89,
IEB77,
LAW13,
JVE40,
WVJ47,
SFZ66,
OGW98,
CTJ12,
MKM14,
AJF83,
PPX12,
KKJ43,
EOF58,
WPJ11,
ZWG14,
QGQ10,
KJW36,
WVE39,
HPW53,
KQH57,
CJZ63,
SFZ66,
OVD33,
IZD85,
HDN12,
WYF11,
OGW98,
GFI37,
PAL64,
VRD44,
XQB11,
UET42,
CFL52,
DEL24,
LIE73,
JFM47,
SIY12,
DZM40,
PDQ67,
AHF89,
CSI11,
ZUZ10,
XWX56,
CCH19,
LJC15,
XNB54,
YLO35,
BRW14,
XRU43,
KKC12,
GNX16,
HNR10,
XRZ81,
CKJ42,
XZA11,
EBV12,
KXG14,
WJU16,
DFT93,
SCK30,
LAW13,
IXN93,
XEY34,
RID69,
BAE93,
MAJ12,
DAM28,
QMN13,
EDM63,
TTJ13,
TAS13,
DDB57,
QBT13,
JBP32,
JKR96,
OUB13,
ZKH72,
EKB23,
SFI23,
NQE11,
NBV27,
DPL20,
YFD14,
TKA46,
KIE51,
NZA81,
KBP10,
OQH15,
VRP64,
IAP71,
KTH72,
NFO12,
FRI14,
FMO17,
DEE35,
APS97,
EHR84,
QHL12,
XOT50,
VBX12,
VQT88,
IXI10,
VKX48,
UNK81,
LOS50,
RRA15,
IJC44,
EJJ98,
YZF96,
HVG39,
QFN99,
LNK13,
OOI14,
HNR10,
RTV34,
RYG11,
YQV90,
KQH57,
AZB11,
SFZ66,
OXK54,
DDK20,
KGK12,
TVW59,
OHI10,
OLD10,
XXE14,
DKY10,
IGC14,
VLA15,
KSS26,
SXA15,
LWT80,
JIV77,
UCX61,
LHB99,
GCD72,
UYA36,
WGW41,
NMA12,
WDS14,
AFO34,
BBL13,
NNX49,
OIK32,
HTQ14,
IHP10,
OVZ29,
WBL95,
RMY66,
EQV54,
ASL20,
FDC11,
DGX15,
LCH20,
PRC68,
OQH15,
UUX76,
FTE97,
EGJ70,
TBP63,
NMA12,
DZO55,
CQU27,
QWO29,
YDD11,
KSA50,
WLW19,
KXU14,
OKF75,
ZJB56,
MTV83,
UNK81,
BJQ15,
IMW22,
INQ59,
NJZ80,
NJD55,
RBA14,
NQY36,
NDQ15,
FDC11,
FDG14,
YQV90,
ORS21,
NOA32,
VXA87,
BEW10,
YRD11,
YGZ30,
QNR20,
GGP12,
NUW49,
EOK39,
KSE64,
OJL17,
MJX11,
KSE64,
NCG56,
YSI78,
NPS46,
DUZ10,
MQO56,
TZV99,
EJJ98,
XVU27,
GRF12,
TRX84,
YYJ78,
UMX23,
UYH71,
IDG55,
XTN16,
OXW15,
HMI21,
FDK15,
ZNR36,
ZEO73,
JZK98,
FCG79,
YSQ17,
XBN75,
AZB11,
DUQ11,
ZCZ64,
UXH58,
AAS12,
JDG81,
XBT14,
MXD18,
AJM90,
UQE10,
YPR10,
XBT14,
LLH93,
YUP11,
JWE14,
CJQ14,
HHY36,
OIF72,
KQB34,
XRN69,
YED13,
RYI24,
ZLS67,
XWX56,
PYJ13,
LZQ97,
FMT10,
PXM14,
TTV84,
EIJ11,
BGC59,
PRU10,
RDB13,
LIM31,
ZFZ28,
OPR10,
THP41,
NCN78,
MVU13,
QTK14,
ZJG11,
OXW15,
JES16,
SES94,
JZA46,
RZV10,
FDC11,
KIE51,
OSG85,
CNH11,
GZY85,
DRX83,
VPO73,
RWJ12,
ANT78,
DXX87,
VPF21,
DUZ10,
QMU12,
GZY97,
UYH71,
HQU11,
PVE70,
FOY14,
LTH47,
JBY12,
NCG56,
OJX13,
PJB12,
DUY39,
JPE14,
MQO56,
BFK13,
JRE61,
YUP11,
LFR40,
GNK67,
GTU11,
ULT11,
VWU47,
LZC90,
YOR12,
OIK32,
KIS14,
QTK14,
ALQ91,
FVD11,
LSU81,
WWX99,
DST32,
JTJ14,
BEB14,
VIQ13,
KAF29,
YYE10,
TIG24,
MOL44,
RRL55,
VFT71,
ZWG14,
CSV89,
HYS22,
KQH57,
TKM11,
TTV84,
PRU76,
EBO11,
HHZ13,
HJF13,
OVD33,
GZY97,
ARR74,
DDB57,
VXA87,
WHI13,
POR18,
NQY36,
JFX10,
VOR91,
PZS93,
FBW60,
NTB26,
ZKQ11,
DFL12,
CDD33,
YZE70,
YPR99,
RZH55,
EJZ14,
RTV34,
LGE15,
MBW35,
JXC75,
TVD11,
IKA89,
ERL10,
OXK54,
APX64,
JLD12,
JDG81,
DGB94,
WZF50,
BWJ76,
TKG19,
PBV95,
UDQ66,
JRP10,
OKA72,
JLD12,
KJW36,
OFA73,
LOK28,
CZO65,
ERL10,
KIC54,
HLH13,
KSS26,
BAE93,
GHD63,
TXM50,
IND15,
PBV95,
FIH14,
MRG12,
RWJ12,
GPG94,
RPO17,
EVI82,
OAO12,
LGB10,
GWC40,
VZK61,
LDO15,
APX13,
YQV21,
AFT64,
PXU66,
TBI27,
AEF11,
JCW15,
UBN10,
KIE51,
XWX56,
YBZ14,
FQI14,
WVF37,
HDN12,
UBN10,
PQM96,
DBJ11,
KJW36,
GUM11,
PCZ11,
VLA15,
VYB12,
DCB19,
XNT10,
LTE14,
ZWG14,
GUA99,
IHE15,
MGN14,
DSK43,
UMC12,
XRY13,
SLY12,
JWP65,
OMS12,
ARL38,
WVX10,
CUY60,
YZF96,
ACC80,
TUT39,
UKE70,
MCJ75,
DBL51,
SIZ31,
AYU69,
XAG62,
IKU77,
OXW15,
SQX14,
JHP96,
NJD98,
WJW67,
GNX16,
SRC13,
XPX11,
JHC50,
STU15,
VKG12,
XQU10,
QRB67,
EVB28,
IDG55,
OHK62,
XRI86,
NFO12,
LTH47,
FRD35,
RLS13,
XJA26,
OJV12,
LWT80,
MNO10,
CEI27,
JZL95,
FVD11,
KZP71,
RKU85,
AQW42,
HER33,
SLH10,
PXM14,
OXK54,
WST73,
PJM18,
XEM85,
JJD44,
QAK10,
PCZ11,
CNC77,
PKY91,
KNX65,
EBS47,
FWX31,
DAD76,
PAL64,
GVZ23,
PAO84,
PRD78,
OKH95,
QEN39,
HMI21,
WRY47,
MSJ80,
ITH16,
JVE40,
JJF18,
QYX54,
OJV12,
JHT69,
NJD55,
BAE68,
TXX50,
CDD33,
AUO69,
UCM12,
DEE35,
IXV34,
FOK66,
CKJ42,
VOY38,
FYH15,
KXV82,
IND15,
QLK14,
YEY91,
NTP61,
JTJ10,
QEN39,
DWE31,
TNK24,
TNM58,
CNP10,
JWE14,
UJO95,
FEG97,
XAL40,
RYG11,
PTH76,
JYM14,
DXX87,
SST14,
KTS65,
VMN22,
PHE51,
LJC15,
YPR99,
PGC13,
JZA46,
BNA70,
QXD11,
NQE11,
HCI51,
KKJ43,
JXG94,
JEM14,
ZQW57,
LKG52,
QEF34,
EOA13,
YEN19,
DMY13,
LLH65,
YJD12,
GIB15,
ZYE13,
JQW88,
JIV77,
FDZ11,
POR18,
YMU12,
HQH91,
ACC80,
NBV27,
DZO55,
QTR25,
EJJ98,
VBF19,
UYA56,
RQS74,
XVN59,
EBV15,
ZQT22,
SYQ15,
YPS49,
TNE98,
JXG94,
ONO10,
WDW84,
EEL14,
CQU27,
GMU28,
INQ59,
IFX14,
ZSC82,
YJD12,
OUT45,
RMF83,
HQM74,
QAK10,
SFC11,
FKP21,
EQV63,
XPL78,
JRE61,
UFE10,
YPI15,
FQI14,
IAR88,
BGH11,
UML60,
VUG26,
YEN19,
XNS15,
GPT28,
NOF13,
WSV13,
CFL52,
RAH15,
IZR59,
OJE14,
QIN25,
ZAC12,
KIS14,
XAG62,
OLY11,
XRJ35,
DST32,
KED13,
XCO10,
FMO17,
DRE77,
PCZ11,
RXG14,
GPT11,
JUQ38,
XUF12,
RZP72,
RXM37,
XRU43,
CEI26,
FRD35,
PYJ13,
WDW84,
IHZ66,
OOI14,
IGQ78,
MJH13,
STU15,
MBQ12,
SAS13,
ALR12,
KBR18,
KSS26,
QUR48,
MGD92,
LHB99,
YSI44,
PTZ82,
NTR12,
NCN78,
WBN96,
OHZ77,
BEW10,
CUY60,
JZK98,
IAP71,
HMA57,
KBP10,
IRM25,
KJW36,
DOF10,
AJO33,
TXX50,
FCJ12,
ANL15,
TBP63,
ORS21,
YCX37,
QAU14,
DRE77,
XOT50,
EQV63,
ONO10,
WYF11,
ZYE13,
NOA32,
KQB34,
HHJ28,
VMN22,
EWT46,
BCT83,
VTP18,
VQH10,
VLA15,
BAX62,
GIB15,
WVE39,
ZZU58,
CYJ45,
AUO69,
NJD55,
CTA35,
VZP56,
XZQ17,
OQH15,
KBR19,
NZS82,
SFZ66,
ELK66,
ALR41,
FCF11,
DAM28,
YEN19,
HVW15,
DBL51,
OGP11,
DOD12,
FIC56,
OMI11,
SWI46,
KJA29,
HNB15,
HRW59,
MPG14,
UTM98,
NCG56,
SLH10,
HTY10,
PYC12,
ZGG52,
JWE14,
SBH11,
MCQ36,
EHR84,
YPS49,
QFD24,
SBW86,
OOY30,
WGT10,
XRY13,
DJF15,
QKO94,
KOE13,
XBT14,
FDK15,
WUK60,
UHF16,
QYX54,
HNB36,
XAL40,
UDQ66,
EEL14,
BJE52,
QMN13,
RXM37,
RYR23,
MZW14,
AAJ32,
GMV25,
AEX84,
MJG11,
DUD63,
OGC10,
OYC25,
NRV87,
QWO29,
WGW41,
KOF27,
QQR55,
RAQ30,
ZRC14,
SZO25,
XBN75,
OMK35,
VWN65,
NGH10,
QUY11,
PJM18,
YJY59,
MEF73,
QMN13,
GLJ63,
VBF19,
UDQ66,
SKK32,
JKD14,
AQW42,
MZW14,
QUY11,
JXN83,
LZN14,
VKW64,
TYB54,
CHF67,
OSH14,
OIF72,
ZKQ11,
APE89,
KIT10,
JIV77,
HLH13,
DOF10,
RXO14,
BSN10,
ZUZ10,
LOS50,
OUB13,
IWK67,
WXN13,
JUL12,
PRU10,
GQT13,
JMH12,
LEF96,
OXW15,
APX64,
KTS65,
OIR82,
JBC11,
RQS74,
YQO80,
WHI13,
SCK30,
REZ13,
BSN10,
VLA15,
KKC12,
AJF83,
JZA46,
AHC49,
KBR19,
JQW88,
SLH10,
XPL78,
IMW22,
AZB11,
FDG14,
KJW36,
UYJ15,
CAN15,
NCN78,
TVD11,
RPO17,
NJQ14,
ZAM11,
UNF20,
WDW84,
NPE65,
DAW29,
FES30,
RFB10,
DDK20,
JJZ12,
DVB70,
CGG23,
MUM12,
MCQ36,
SVQ36,
KBR19,
JHC50,
YCY11,
OHX11,
QGH13,
EKB23,
GMC11,
NCI72,
AUO69,
HQH91,
PZS93,
RNV12,
HNR10,
KIS14,
SZG51,
IYX45,
YAO11,
QBS73,
DAW29,
JFX10,
CIU10,
VFT71,
FKW44,
WDC12,
OCU12,
OAW37,
GSN53,
KAF66,
IRM25,
RVF12,
UFA10,
GRF12,
UUX76,
XNT10,
HWG64,
MJI11,
JVY11,
VRD44,
GYZ10,
KDQ15,
JRP10,
SHY10,
ZWG14,
BTP27,
NDB11,
OQH15,
MUE19,
OGH10,
GYT13,
DKR87,
EWF71,
YRD11,
YDR46,
AJA15,
ZCH56,
MKK14,
OAY27,
OJV12,
GDN13,
KXW10,
UAS12,
JGK92,
HHT59,
DVT10,
GSV13,
HMA57,
QUR48,
STK69,
MGN14,
AHZ10,
XNS15,
OXK54,
DPT13,
QGV13,
XJG99,
ZJZ12,
DWO74,
AHC49,
UFA10,
RSY89,
WEA21,
URG12,
XNW82,
VPX10,
NOA32,
WHA79,
PTH76,
OJE14,
OMI11,
KAF29,
DIR24,
BBL13,
UHF16,
EDM63,
PYJ13,
JEM14,
IMO12,
HWE10,
DST32,
GWI12,
FCQ55,
IJC44,
WAT20,
WXP11,
CFI15,
DMB13,
SSW11,
AJO33,
WUC76,
YOV13,
XAG62,
KXG14,
TMZ19,
GSV13,
FMT10,
LSZ55,
UMO34,
XEI37,
RTV34,
KNX65,
DUD63,
AEN20,
GCD72,
SHY10,
MGU75,
TVN24,
HNB15,
RWJ12,
XZA11,
NAI10,
UXD76,
EVN95,
KIC54,
CEY52,
OWV84,
VRP64,
GCR10,
QEN39,
XHQ12,
NDP41,
SKK32,
IOG99,
WVF37,
KIC54,
IXV34,
XPC22,
CFL52,
ZLS67,
OVD33,
IFX14,
TQW51,
GUA99,
DUY39,
AAJ32,
YCX37,
SRS13,
SIZ31,
UQC15,
GZY85,
MQO56,
PZL14,
IOC42,
DMG17,
UYA56,
GSN53,
QGB28,
GMH69,
LSK61,
AYU69,
HQM74,
DUD63,
NSF70,
ZAC12,
LYV84,
KPK10,
IXI10,
LJD10,
DHT27,
THP41,
UTN77,
SFQ33,
TKM11,
OWV84,
BNO11,
EBO11,
FCF11,
MYA10,
IBE74,
ZEO73,
EXH11,
GVZ23,
HWG64,
FFG32,
BNH40,
OGC10,
XGE53,
WHA79,
KQB34,
OCU12,
KIE51,
ZCZ64,
DIX98,
MEF33,
GHH13,
YLU79,
BSQ74,
GPT11,
LWD10,
OIY11,
HVG39,
ZYE13,
VUP73,
DJC91,
KLQ71,
WYW11,
GWI12,
OKA72,
HIM13,
TIG61,
UJC79,
SIZ31,
AQV12,
NOA32,
AUG42,
IZD85,
SWZ52,
TMB68,
JJD44,
GCD72,
UNW11,
RXK11,
UOI59,
KSS26,
TEP90,
FZC14,
JJF18,
OGZ71,
ANT78,
TAA14,
RDC11,
DHX14,
JZL95,
KIC54,
ZZU58,
IFX12,
TZX36,
HZC96,
ADO13,
RRH53,
OOL46,
VTP18,
BGC59,
NCS40,
QGK19,
YOP62,
PVE70,
GPT28,
IRM25,
ZKO55,
XHQ90,
HER33,
CTO12,
MLD88,
QFN99,
YZF96,
KXW10,
DZC65,
SZG51,
USQ94,
EGY46,
DPT13,
NMJ18,
KGK12,
HOK90,
OBJ55,
UYP13,
HQX39,
YFI46,
YTK96,
PYC12,
YSQ17,
YED13,
EDM63,
XRU43,
OAO12,
FXD77,
PPX12,
RMF83,
AAS12,
CSE13,
IND15,
KON13,
IXV42,
UMO34,
STT10,
LGB10,
GWI12,
NRV87,
EUI92,
VFH85,
MSX11,
WWF98,
ACC80,
IKW10,
XZA11,
FCF11,
TQD35,
UXH58,
QCS35,
QIN25,
DKW49,
YXI41,
FDC11,
RPO17,
APS97,
WSV13,
RCK21,
CYJ45,
XZQ17,
LHK43,
AUO69,
TMB68,
OAY27,
OIX75,
GVZ23,
RHS94,
PVW15,
FIH14,
MGI72,
RHG44,
HQW98,
BJE52,
BCL11,
QFD24,
RZV10,
UYH58,
WVJ47,
JLR10,
AUN96,
PZL14,
PRQ52,
WCQ91,
VNK13,
QCS35,
JIV77,
LHC12,
CNH11,
CTJ12,
GMC11,
QTK14,
XAG14,
EKB79,
HJY10,
LHB99,
CQC14,
XCO10,
SRS13,
PMC25,
UCX61,
XYM10,
UNK81,
FLZ93,
HHZ13,
NFO12,
HEQ10,
YOP62,
CYW14,
AJF83,
NKH42,
UHF16,
SMU22,
PVW15,
GMV25,
IBB12,
BCT83,
MKK14,
GPJ11,
PYU86,
UHF16,
OOY30,
HQM74,
YLO35,
DMF12,
MPG14,
BCL11,
JTJ14,
VRP64,
LYL11,
HIM13,
BYA70,
WCQ91,
LEE78,
VKK10,
QXV86,
KIE51,
HVW15,
DEE35,
BBL13,
MPG14,
FOS91,
IVE63,
FKW44,
NJZ80,
RJK10,
IXA15,
TVN24,
CSM50,
GMU28,
CCH12,
TVD11,
KBP10,
XDH81,
NTP61,
NPS46,
ZPF14,
XAL40,
LSU81,
YQO80,
WVX10,
GPT11,
VSR86,
NMA12,
BNO11,
FTE97,
SMM50,
AAS12,
WST73,
JES11,
CTT10,
NSZ37,
DMG17,
YSI44,
FCY92,
OGZ71,
UHT82,
LSK61,
GGP12,
UAS12,
EGJ70,
EGY46,
COH93,
JTU15,
MEF73,
GPJ11,
RXK11,
WDS14,
TBJ15,
KUD34,
KQB34,
FCJ12,
HHY36,
ASG22,
GRD25,
VPF21,
PNK10,
NUY94,
ZKH72,
ORN12,
GAC11,
OOI14,
QMU12,
RME82,
AJA15,
ORS21,
GVZ23,
MKR14,
CYS10,
SWF56,
UQJ12,
ZMR15,
LHQ13,
PZT93,
UNI81,
JQW88,
FFG32,
CDD33,
KIS14,
TXM50,
CBZ43,
FTE97,
OHI10,
CNO62,
BUQ68,
UYA56,
LME51,
OOL46,
FIC56,
QPF16,
UFA10,
UYJ15,
PJM18,
JVR13,
ONO10,
VLR87,
NCN78,
OFD11,
FDI10,
SCK30,
ANL15,
NPE65,
LYV84,
AJA15,
EJZ14,
GKZ14,
WYW11,
PPX12,
LCT65,
CGH10,
RSY89,
WGC12,
LME51,
NRV87,
NOF13,
PNR62,
CYS10,
YEC92,
LWD10,
SGZ11,
PAL64,
XRY13,
ZXN29,
YLU79,
OGC10,
FQX92,
XGE53,
LVI11,
SRS13,
QTJ15,
OJT30,
MGU75,
IYX45,
VMP31,
CNH11,
PCC14,
KKJ43,
KAF29,
TUT39,
NXX10,
QZX14,
UJM11,
XRZ81,
PRD78,
ZLP33,
JMH12,
QIN25,
HYS22,
HNJ12,
TIQ73,
KRS13,
BON13,
MVI14,
FCJ12,
PTH76,
AUN96,
UCM12,
HSZ90,
BNO71,
ENH17,
DFT93,
MCS10,
NAZ41,
EZH74,
LKG52,
BTT13,
AQW42,
TZT48,
RXG14,
YBM44,
AVE23,
MKO99,
DZC65,
HCI51,
UYP13,
WKS47,
XHQ12,
AAJ32,
IKA89,
QEN39,
WSV13,
FXD77,
VZP56,
YSI78,
ALQ91,
JFX10,
VBX12,
OZE92,
FXD77,
IUN21,
QSY87,
QQR55,
APX64,
IDJ12,
QIN25,
APS97,
LJD10,
GKI48,
RDB13,
BDY84,
YAA14,
YEY31,
UQI78,
VWU47,
KIC54,
MKM14,
SPK13,
YPI13,
FWU13,
ELK66,
ZPQ72,
LLH93,
UUX76,
ZCZ64,
OHZ77,
CZO65,
NEH32,
CYY10,
ZFZ28,
EVN95,
FJG11,
QYX54,
IHO60,
YEC92,
ULT11,
DGV14,
GMV25,
GRM60,
LKG52,
LFG35,
GRD25,
HNJ12,
OLY11,
LSJ12,
RLY93,
YAO11,
AJO33,
ZRC14,
USQ94,
PTZ82,
TEP90,
TIG61,
UXD76,
YXI41,
UQI78,
WVE39,
HJY10,
SVQ36,
IYE11,
TVD11,
QGH13,
OLE14,
QMP15,
BNA31,
IYE11,
JDM32,
HVG39,
KZY10,
HWG64,
GRF12,
YYN48,
JNT60,
SKA90,
EHP38,
GUM11,
IMO12,
DMY13,
LFG35,
DAD76,
RNM14,
MIP41,
OFD56,
DAD76,
KKJ43,
JIV77,
CYJ45,
UOI59,
YOC67,
IIG27,
RRA15,
NLT14,
SWI46,
LZI12,
CJQ14,
MGD92,
ASL20,
FOK66,
GFI37,
OJX13,
MGI72,
KFT87,
JQW88,
FMT10,
KQH57,
KBE13,
CHQ39,
EBV15,
ZQW57,
MCQ36,
BJE52,
FFG32,
IXN93,
KQB34,
RZV10,
ORX66,
IKW10,
NCN85,
GDN13,
FPC14,
VNK13,
PTH44,
RFB10,
JXC75,
ALQ91,
ZWS21,
SWG81,
TPX20,
THL13,
DYS92,
QRB67,
WBL95,
IOW64,
YNH71,
OLY11,
DUJ62,
FDI10,
NFO12,
UJD45,
NJD98,
FAC22,
TVT11,
XBX30,
IDJ12,
GMI62,
LCH20,
HHZ13,
JXC75,
QYH11,
GHH13,
QBV12,
OFD56,
RCT12,
QBL45,
HPK57,
CDD33,
CEI26,
CFI15,
NDK33,
FUU40,
HTO82,
MKM14,
VNK13,
TLK62,
DWG12,
KXA92,
DBJ11,
IUR77,
KBR19,
JUQ38,
QJZ43,
NLT14,
YQV90,
AJO33,
XNT10,
KYZ66,
WQX80,
WQX80,
LFR40,
GHH13,
VOE12,
CYJ45,
TBI27,
WJW67,
AHD74,
DVB70,
TRZ10,
UYA36,
VPA11,
LOS50,
PZL14,
HQQ45,
TTJ13,
OSG85,
NUU36,
OSH14,
DFS52,
HQQ45,
OXW15,
FWK70,
IYM95,
ZRF15,
IZD14,
WII66,
LWD10,
KXU14,
EOK39,
KUR15,
VIC29,
UNW11,
ANT78,
AUN96,
CEI27,
CDK74,
ORS21,
YJY59,
ZDE75,
SMM50,
SKK32,
IDG12,
RDJ83,
PRC68,
TIG24,
IEA75,
JES16,
HQX39,
ECD15,
RPV61,
MSX11,
SIY12,
DCB19,
PPX45,
SZG51,
QPF16,
WQX80,
CTT10,
COQ16,
IZD14,
VKX48,
THL13,
ADE15,
UCM12,
IDG55,
AFO34,
KDE69,
DVZ11,
BFC68,
UCV73,
XJG99,
AGF42,
TBK97,
PXM14,
QGK19,
YZE70,
OMK35,
QBT13,
WDW84,
XYM10,
OAW37,
ZLS67,
HSZ90,
FIV38,
OGE14,
OCC17,
SDZ43,
ZNR36,
KGF12,
ARR74,
XRU43,
UJO95,
IMO12,
HNB15,
AVE23,
PTH44,
GGP12,
RCF13,
YLO35,
GCR10,
TES38,
GKD13,
PUB13,
RMY66,
HKA14,
TNE98,
BMM62,
GUK86,
VFT71,
MRG12,
PHH13,
KLQ71,
RMM57,
UYH71,
UMO34,
AIR10,
RRH53,
IMW22,
NQY36,
CGK11,
PUB13,
GRU16,
GSR10,
FWU13,
SMU22,
GAC11,
HMD10,
QQR55,
RRA15,
MDT12,
NJZ80,
QRC79,
DUZ10,
GKI48,
VFV14,
VPJ12,
NDK33,
EZE26,
JEF58,
LSK61,
WUK60,
FIA79,
IXI10,
WUC76,
VYG14,
JEM14,
NQY36,
ALP15,
ELK66,
QRC11,
UET42,
AWN68,
ZRC14,
TVS63,
MTV83,
SES94,
DXJ52,
KBR18,
QTK14,
CYP90,
CJQ14,
HQH91,
FHS14,
RXK11,
PJG77,
QKH44,
CZV11,
QIN25,
GWU14,
OJL17,
FJG11,
TES38,
RWW49,
VPF21,
OJT30,
KON13,
YDI38,
HQQ45,
APS97,
ERL10,
GSN53,
BSV80,
LZQ97,
DWE31,
OIU85,
OVD33,
RFR49,
ZXO53,
IBE74,
UAV72,
YTL30,
CAN15,
HNJ12,
KXW10,
HHJ28,
POR18,
CFI15,
ADO13,
LTH47,
TTV54,
OMI11,
EHP38,
BSQ74,
LJD10,
NAI10,
PDQ67,
KXG14,
DOY13,
ZRO68,
RHR86,
RHG44,
TKG19,
ZQW57,
TOK11,
PPB10,
XPC22,
RWD64,
GMM11,
ZJB56,
CXN95,
EWF71,
EQV63,
OPV12,
WET13,
RSY89,
ADT76,
TVF57,
XNB54,
NFO12,
ANV76,
FWK70,
VHM53,
OHI10,
OZD18,
SVI87,
LTE14,
BDY84,
ZUZ10,
HOK90,
RUT58,
NXQ22,
NQW13,
MSY10,
RRH53,
QAU14,
MVI14,
NSZ37,
FAC22,
RID69,
CFI15,
GUM11,
WYW11,
MNO10,
YUE24,
UQI78,
YOJ46,
HWE10,
DSK43,
GTU11,
YVV26,
HTY10,
XCO10,
OJS40,
STR65,
TMB68,
EKB79,
YHZ13,
DUD63,
FQP55,
TRX84,
VXI12,
SFC11,
NMP43,
WGW41,
HQH91,
CEI27,
BBY13,
RPO17,
QVX70,
HZM67,
QDC31,
HMI21,
EOF58,
VKX48,
CPQ12,
SFQ33,
PQM96,
YOV13,
EGU28,
KDQ15,
HTG15,
ZLP33,
DFS52,
KYZ66,
AFS55,
OOI14,
FPR69,
CLK14,
MGI72,
YEY31,
DZO55,
VBX12,
WLW19,
DJA22,
VMA61,
XEM85,
JQW88,
FVD11,
HKA14,
YHZ13,
ARR74,
EBS47,
ZDE75,
UIA89,
RIM99,
XVU27,
ZXN29,
XEM85,
YJC10,
BWJ76,
SKA90,
RDJ83,
FQX92,
CBB32,
DUJ62,
BAE93,
IOG99,
ZEE32,
TAS13,
QAE90,
XTN16,
USQ94,
IPR12,
KZY10,
DMB13,
OZE92,
JZR45,
YVV26,
KPK10,
HKA14,
TQW51,
DFS52,
RVX39,
PMV74,
RCG12,
XYM10,
EFZ24,
JDM32,
MJG11,
YOR12,
VKG12,
ZUC11,
QTC50,
DZM40,
UFQ12,
IAP53,
GMN17,
UNO12,
EBV15,
SVI87,
QSY87,
PRU14,
XIS12,
QBS73,
LAW13,
IVE63,
NBV27,
JCW15,
XJG99,
KUR15,
YUE24,
OLE14,
XPX11,
JWP65,
AHZ15,
TAA14,
XHP42,
TVD11,
EWF75,
BDY84,
IZR59,
XNS15,
RMO57,
EUI92,
VZP56,
JZK98,
WUC76,
ETU15,
DWG12,
OPP86,
TIQ73,
IGQ78,
OIY11,
VIQ13,
RFR49,
NAQ53,
QKH44,
JWP65,
WOX94,
IKQ41,
UNW11,
WPJ11,
DKY10,
KIS14,
UMX23,
ZPQ72,
FYH15,
NCN78,
FHS14,
PZL14,
MPG14,
GCR10,
EGJ70,
PXU66,
VKK10,
VGE44,
REZ13,
FOK66,
PIV47,
NTB26,
OFA73,
UYA36,
FJG11,
FKP21,
THP41,
ZLI11,
RSY89,
DZI47,
SRT14,
OMK35,
QZX14,
VSZ13,
XHQ12,
YFI46,
UJM11,
VPX10,
EBV12,
UJL53,
DVZ11,
KQB34,
PNR62,
SYQ15,
FKW44,
PTH76,
QKO94,
PNT79,
VMN13,
EJJ98,
ZWS21,
GUA99,
RTM43,
OLE14,
VIC83,
OFA73,
PRU10,
KIS14,
TLK62,
AEN20,
BNU14,
EOX12,
DCV26,
IUN21,
KPX48,
OIT11,
CQC14,
KJA29,
OIX75,
OUO54,
IUR77,
AGF42,
HPK57,
QGV13,
ZEO73,
YLU79,
TPX20,
FRI14,
SCK30,
ADO13,
NDP41,
WJW10,
ORX66,
MSJ80,
SFQ49,
HNJ12,
TTV84,
RVF12,
WJO14,
BSQ74,
HLZ81,
YQV90,
VQH10,
AGF42,
YLO35,
TAS13,
FIA79,
GKZ14,
CDD33,
MJI11,
CPQ12,
ILY10,
XBX30,
AUU56,
FMJ26,
RWD64,
VMN22,
ZLS67,
ERM22,
IBE74,
ZLI11,
OTC46,
OVD33,
NGH10,
FOY14,
JFX10,
QXV86,
YSI44,
OQH15,
ZAM11,
XJA26,
JEF58,
XJA26,
UQE10,
PTX15,
ROJ11,
HJF13,
BEB14,
XJU61,
GVZ23,
CBB32,
NOA32,
QQZ11,
XRN69,
UOI59,
YSA54,
DRH86,
FIH39,
SES94,
QGK19,
AUN97,
IPC15,
HSB92,
KBE13,
KJO51,
DYS92,
AJF83,
MGU75,
AEX84,
FMO17,
RKO79,
COQ16,
IXN93,
CYP90,
TVN24,
GYZ10,
IXI10,
WRY47,
GPG94,
CTM81,
ZUE85,
HSB92,
VQW12,
XWX56,
KGK12,
YCY11,
PJG77,
XWX80,
SBW86,
ZUU67,
PAN12,
OKF75,
OQH15,
TUA11,
SKA90,
IAU19,
CNP10,
EKB23,
XRI86,
DZO55,
KSO48,
EVI82,
ZKO55,
ZJZ12,
ARR74,
ADT76,
HBG12,
KKJ43,
UOI59,
OHK62,
SAD14,
ZFU57,
LNA17,
SGZ11,
KKK25,
YTL30,
OCC17,
KBR18,
CTQ48,
YTK96,
OGZ71,
NXQ22,
SAS13,
XVU27,
EUI92,
MXD18,
KYJ80,
OPV12,
FOS91,
VOY38,
BNO71,
VKG12,
UIR34,
UFQ12,
HLH13,
KQY98,
LFK13,
CZO65,
DJF15,
DSY84,
SLL15,
IEB77,
RKU85,
QXV86,
TBI27,
XWX80,
WEA21,
HAW38,
JFM47,
DHT27,
TVN24,
TIG61,
OWV84,
EPQ18,
NZA81,
OHZ77,
ZYP12,
QYX54,
VPA11,
RGM13,
TNM58,
IZA10,
VNP14,
VQT88,
FDZ11,
BMX49,
OYJ39,
FZC14,
QIW12,
WJW10,
UML60,
MOL44,
CZO65,
IEW96,
BAE93,
WJW67,
DWO74,
BBY13,
GRY10,
RPV61,
XHP42,
RBA14,
RVF12,
FMO17,
USP86,
EVE11,
WII66,
PTZ82,
TLK62,
KED13,
MEF33,
LFG35,
IFX14,
VDZ97,
ZUU67,
HNJ12,
TTJ13,
WHI13,
GNX16,
KXU14,
NCN85,
FOS91,
WQX80,
BMX49,
VLR10,
SZO25,
ZTV97,
ZXO53,
OQH15,
SYW15,
VKQ91,
NCI72,
NDB11,
YOR12,
HLH13,
RCG12,
JUQ38,
SVI87,
FQX92,
YMU12,
VFE97,
UCX61,
AUG42,
WEA21,
DEE35,
JZM41,
CWT37,
JBY12,
LLH65,
AJA15,
LWT80,
XRH13,
MQO56,
FHS14,
FEG97,
RKO79,
FQX92,
CZO65,
FVD11,
DMY13,
AEL80,
VIC29,
VLR10,
JUL12,
YCX37,
OUO54,
JBY12,
HHZ13,
QUH78,
WRY47,
EDM63,
QUR48,
VSR86,
TRZ29,
VVP12,
AEN20,
OFD56,
KPX48,
GKR83,
YTL30,
GYZ10,
MDI34,
ARL38,
HHZ13,
JKD14,
HQM74,
VVO38,
UYH58,
GKK14,
NMJ18,
LZI12,
ZJB56,
YCY11,
EWF71,
KOF27,
QJS12,
SSS10,
BTP27,
QUY11,
RCV45,
YJY59,
AEN20,
TKG19,
EDM63,
RQS74,
XDV33,
NXT21,
HSB92,
HQU11,
OMI11,
VFE97,
EFZ24,
UET42,
SZG51,
YDR46,
AKE16,
ZGW12,
ALR12,
VLR10,
LZC90,
TXX50,
QBV12,
SVI87,
SVQ36,
NPE65,
MGD92,
SFQ33,
NQY36,
QJS12,
YBZ14,
BKR48,
CWT37,
UIR34,
IZT30,
BQB14,
UXD76,
RZH55,
FPR69,
XEX60,
FAC22,
TQD35,
EKB23,
INU15,
THP41,
AWN68,
RCT12,
CPQ12,
GAC11,
VJX78,
IAR88,
FRD35,
QTJ15,
EVI82,
SRT14,
QYN11,
SWZ52,
WCQ91,
SKG14,
ANL15,
RCG12,
YED13,
EQV54,
UNF20,
MUM12,
DMB13,
JWP65,
HCI51,
NJQ14,
IOC42,
AAS12,
TGY15,
TBK97,
RQS74,
BQB14,
QDC31,
DDB57,
IPR12,
OHI10,
DMY13,
KDQ15,
EXH11,
SWF56,
FFG32,
VTP18,
WST73,
BKR48,
UNW11,
XKD99,
SSS10,
KSJ33,
RRH53,
YJC10,
YFI46,
JIV77,
XNB54,
FPR69,
PHE51,
XKD99,
MRS69,
MVU13,
AFO34,
VQT88,
DOY13,
QQR55,
HLD43,
CDD33,
HHY36,
MEF33,
ASL20,
DEL24,
HTO82,
MJB10,
QIW12,
XXE14,
WDS14,
QPF16,
VRD44,
WWX99,
NWQ13,
MSJ80,
RXG14,
YPR10,
COQ16,
XBY11,
BNH40,
PAL64,
YHZ13,
SRT14,
OCC17,
OIU85,
JEF58,
HHT59,
DXJ52,
THU10,
JDT14,
QYN11,
IAS38,
LIC37,
URG12,
KBE13,
ITH16,
QKY68,
DZI47,
GWH45,
QFD24,
JSI16,
AUN97,
OFA73,
RFR49,
FJG11,
BDC33,
CTA35,
FCY92,
GRF12,
CBB32,
FES30,
QMU12,
JCW15,
QEI11,
ZQW57,
FAY70,
IHP15,
HEQ10,
CXZ12,
DSY84,
PMC25,
XIL11,
IXV34,
OSG85,
NJD98,
TTV84,
OIY11,
OAW37,
WYW11,
VIC83,
GLQ11,
KIS14,
NTE48,
JSI16,
TNE98,
SGZ11,
KQY98,
RQS74,
HNR10,
KTI10,
YSI78,
OUO54,
TES38,
UDQ66,
NZS82,
JES11,
YXI41,
ZUU67,
ZRM95,
HWM68,
EWT46,
BSV80,
BJQ15,
BON13,
HPW53,
VSR86,
OGW98,
ZIV91,
QYX54,
ZRO68,
JSD91,
NUU36,
GKZ14,
IUR77,
LDO15,
YYE10,
NSG12,
JES16,
RNV12,
ZFZ28,
DWG12,
DMG17,
GOU14,
KGF12,
CGK11,
DLV10,
NGH10,
GVZ23,
WDC12,
AOQ13,
UFQ12,
ALR12,
HIQ11,
CDK74,
VVP12,
KFD15,
DIX98,
TPH13,
ZAY63,
WJU16,
IBY35,
RDB13,
RWD64,
GPJ11,
CKE54,
LGX26,
MXK51,
TUA11,
NGH10,
XHP14,
WUC76,
PKY91,
BFK13,
BNO71,
HNR10,
RID69,
WUJ11,
TPX20,
ZCZ64,
ZEO73,
OTB75,
PKY91,
KJA29,
MDI34,
SWI46,
WKS47,
WUV14,
KKC12,
UNF20,
JFM47,
KOE13,
LRF62,
HMA57,
QLK14,
AGF42,
UDQ66,
SPZ10,
SWG81,
QLK14,
LFK13,
FCQ55,
JFM47,
HNB36,
GQT13,
XWX80,
PHE51,
KJO51,
WVF37,
WLW19,
WEE24,
OAY27,
RFR49,
MCS10,
RZP72,
QSD18,
RMM57,
GSG12,
JJQ10,
OKF75,
XWX80,
RKU85,
QMU12,
BJE52,
OMI11,
HDN12,
KRS13,
WEE24,
VXI12,
AWN68,
IZA10,
XHP14,
VPJ12,
IEW96,
OHX11,
IND15,
QGK19,
RBA14,
JJD44,
VYG14,
GPJ11,
ZAC12,
QWO29,
GMM11,
EBV12,
JYM14,
XVT88,
BQB14,
NIC11,
HQU11,
BBY13,
ROJ11,
RGL63,
USP86,
DMF12,
ZDE75,
CLK14,
VQU85,
BSQ74,
VPO73,
LSJ12,
PTH44,
INQ59,
MJB10,
NOF13,
TZF64,
UMO34,
ADO13,
MUM12,
XBT14,
BNU14,
BJE52,
RTM43,
PCC14,
QBV12,
ZSC82,
NCI72,
JNE88,
OIR82,
HZC96,
DEL24,
UMG13,
INU15,
JKD14,
ZTE88,
VFV14,
KXW10,
FAB15,
YQL23,
GSV13,
FOY14,
YZF96,
XQB11,
IYX45,
HMA57,
DZC65,
ZRM95,
LCT65,
SYW15,
YTK96,
RTV34,
JBY12,
MBQ12,
QEF34,
MCQ36,
DUD63,
MJG11,
OPV12,
TKZ13,
UOI59,
MOL44,
FDG14,
QQF11,
PVE70,
XWX56,
JDG81,
HQX39,
KTD74,
RTM43,
KLY25,
KAY10,
RCG12,
KVS72,
RVX39,
YJM13,
WAT20,
BCL11,
YMG27,
IGQ78,
YOC67,
IWK67,
TTM88,
AGF42,
RPV61,
JDG81,
XZA11,
ZTV97,
VSR86,
ANT78,
QXV86,
QMU12,
AHZ10,
WGT10,
CPZ57,
OHI10,
YUE24,
OTC46,
DFL12,
GYW49,
VBX12,
VUP73,
RFA13,
EOF58,
JSI16,
RRH53,
FMJ26,
XEM85,
QGH13,
JES11,
NAZ41,
DPL20,
ZVR52,
DWE31,
KIC54,
IYQ61,
NPS46,
CYS10,
ANT78,
ORN12,
ERM22,
HCT14,
FVS71,
OHY21,
MJH13,
LHQ13,
JET13,
WEE24,
HQH91,
WOX94,
JUQ38,
BQB14,
IGC14,
GLQ11,
MJX11,
BFK13,
GRU16,
XEX60,
WXP11,
OJT30,
KQY98,
VJX78,
BAX62,
KDE69,
AYU69,
NBV27,
VQU85,
URV12,
CEI26,
ROJ11,
HJZ96,
NCN78,
JZR45,
SIQ14,
MBM13,
VMA61,
LKL13,
NTR12,
PIG89,
RXG14,
VVN10,
HIM13,
OBJ55,
NTP61,
VKG12,
FDK15,
REZ13,
GYZ10,
ZRO68,
NAQ53,
UYQ40,
SMU22,
OGZ71,
JEF58,
CBB32,
PXM14,
RHG44,
VMN22,
XPL78,
YTK96,
KVS72,
VLR87,
EIJ11,
RAQ30,
FOS91,
CJZ63,
BAG13,
GIB15,
RCK21,
XBT14,
KXG14,
EQV54,
TNE98,
DPL20,
WPJ11,
CGG23,
JZL95,
NNX49,
EVT14,
CSM50,
FWK70,
JHP96,
IAP71,
OYN80,
IEW96,
YLQ15,
VKP89,
GSR10,
SIQ14,
DYS92,
ZEO73,
ZPQ72,
ZGG52,
QAK10,
JUQ38,
GPT28,
SWG81,
HZM67,
KFJ98,
GTU11,
OTC46,
VFT71,
AEX84,
ZDE75,
PYE12,
GWH45,
NDQ15,
MGN14,
SKA90,
OUB13,
ZJB56,
BKL99,
XGE53,
JHT69,
KXA92,
EQV63,
NQG12,
GKR83,
VVP12,
DZQ18,
EBV12,
QYH11,
PXM14,
BAG13,
TNK24,
WXI33,
TNK24,
VVN10,
RQS74,
LKL13,
DUD63,
BFA10,
TTJ13,
QNR20,
LZN14,
GPT11,
NSG12,
LSZ55,
TVW59,
AHZ10,
LSK61,
EBV15,
FEG97,
IHO60,
YVV26,
IND15,
RDC11,
WJW10,
SBH11,
RQS74,
XZQ17,
HPD36,
JVR13,
QBT13,
WVX10,
OUB13,
RAQ30,
TIG61,
CNC77,
CFL52,
KGC13,
KFB59,
WKS47,
IHE15,
TNE98,
FDI10,
FRI14,
IDG55,
QZX14,
HSB92,
JXG94,
IPR12,
BFK13,
FPL12,
KJO95,
GYT13,
TZT48,
GSG12,
KBP10,
YUP11,
PJX11,
PCC14,
ZAM11,
JTW13,
HJZ96,
YPR10,
JEM14,
EWT46,
SYW15,
QAE90,
XEX60,
CTQ48,
DWE31,
TNK15,
NCI72,
LZN14,
GMN17,
UUX76,
TBJ15,
VCI10,
PYE12,
SCK30,
OOL46,
VFE97,
FKP21,
TXM50,
GEL15,
JFX10,
NYL12,
AQV12,
IIG27,
FOK66,
KFD15,
AHF89,
HLZ81,
OHX11,
QQK28,
PRD78,
LAP14,
CEY52,
YPR99,
NJQ14,
QUO93,
NDL93,
VSA14,
FCQ55,
MZI14,
LKG52,
PVW15,
NCN78,
SMM50,
BTT13,
RGL63,
HNW92,
APS97,
YZF96,
MYA10,
CEI26,
MPG14,
LEE78,
VFT71,
FOD85,
KIS14,
IXX58,
AQV12,
NCS40,
PEQ68,
LGE15,
WAQ97,
BTP27,
WVJ47,
YED13,
XDV33,
GDV12,
QQK28,
OTC46,
OSG85,
KSS26,
XFX12,
YED13,
ITH16,
KTH72,
GMN17,
JXG94,
RHS94,
REZ13,
AUN97,
OJS40,
MTV83,
CTQ48,
CYJ45,
PCC14,
ZOJ13,
TXX50,
IYM95,
XJU61,
HCI51,
GEL15,
CCH19,
HZM67,
VVN10,
ONO10,
OIU85,
SYQ15,
PJG77,
OSG85,
RFR49,
UMX23,
MCJ75,
NTB26,
KSO48,
XJA26,
DKR87,
VFV14,
KFT87,
OEQ12,
NXX10,
FHS14,
VMP31,
TNC52,
YEN19,
GLS37,
AKD11,
NDQ15,
UHF16,
HWM68,
RRH53,
FHS14,
DLV10,
JET13,
PZS93,
YDI38,
XVU27,
MRG11,
COH93,
CYS10,
TFO71,
ADT76,
ZTV97,
KAE47,
HMA57,
FRI14,
DBL51,
OIX75,
UYA56,
XEI37,
BFC68,
GCV94,
MJX11,
OJS40,
RDB13,
HMA57,
ZXO53,
CLK14,
GKD13,
CZV11,
MKO99,
RUT58,
QEG30,
ECE94,
VSZ13,
LGB10,
TIE50,
WAF13,
JDM32,
TMZ13,
QXD11,
BNO71,
SWF56,
SYQ15,
SWI46,
RCA58,
SST14,
ZTV97,
JKR96,
BNA31,
RBA14,
COH93,
QUH78,
MJH13,
NXW60,
CSE13,
ZQT22,
MNO10,
MKR14,
IWE13,
JPE14,
GHD63,
XTN16,
BNA70,
SAS13,
ZAM11,
RYG11,
VXI12,
CGK11,
OJS40,
JUL12,
JKR96,
YED13,
VVO38,
XWX56,
OYN80,
ACW12,
OPM10,
SLY12,
ATT10,
